phenotype	n_missing	missing_rate	n_non_missing
PG 18:3-22:3	376	0.9641025641025641	14
PS 20:0-20:0	374	0.958974358974359	16
PG 18:4-20:0	370	0.9487179487179487	20
PG 18:4-20:1	369	0.9461538461538461	21
PS 20:4-20:4	369	0.9461538461538461	21
PG 16:1-20:2	366	0.9384615384615385	24
PE 18:0-20:0	364	0.9333333333333333	26
PS 20:3-20:4	364	0.9333333333333333	26
PG 16:1-20:1	356	0.9128205128205128	34
PG 16:1-20:0	353	0.9051282051282051	37
PG 20:2-20:4	353	0.9051282051282051	37
PS 20:3-20:3	349	0.8948717948717949	41
PG 16:1-22:5	344	0.882051282051282	46
PC 18:3-20:4	341	0.8743589743589744	49
PS 16:0-20:3	341	0.8743589743589744	49
PS 20:1-20:5	341	0.8743589743589744	49
PE 22:4-22:5	340	0.8717948717948718	50
PS 20:2-22:6	340	0.8717948717948718	50
PG 20:1-20:5	338	0.8666666666666667	52
PS 18:1-20:3	336	0.8615384615384616	54
PG 18:3-22:5	334	0.8564102564102564	56
PG 20:3-20:5	334	0.8564102564102564	56
PI 16:0-18:0	333	0.8538461538461538	57
PS 18:2-20:4	333	0.8538461538461538	57
PC 18:0-18:0	331	0.8487179487179487	59
PE 20:5-22:4	330	0.8461538461538461	60
PG 20:2-20:5	329	0.8435897435897436	61
PE 20:3-22:6	327	0.8384615384615385	63
PS 20:1-22:5	325	0.8333333333333334	65
PC 16:0-22:3	324	0.8307692307692308	66
PC 18:0-22:1	323	0.8282051282051283	67
PE 20:2-22:0	322	0.8256410256410256	68
PC 20:1-20:2	321	0.823076923076923	69
SM 40:6	321	0.823076923076923	69
PE 18:0-18:1	320	0.8205128205128205	70
PE 20:1-22:1	319	0.8179487179487179	71
PG 18:1-22:4	319	0.8179487179487179	71
PC 18:3-18:4	315	0.8076923076923077	75
PE 20:0-22:2	315	0.8076923076923077	75
PC 18:4-20:4	310	0.7948717948717948	80
PS 20:0-22:6	310	0.7948717948717948	80
PC 20:1-22:1	309	0.7923076923076923	81
PI 18:1-22:1	309	0.7923076923076923	81
PC 20:2-22:0	308	0.7897435897435897	82
PG 18:0-18:4	308	0.7897435897435897	82
PI 18:2-20:4	307	0.7871794871794872	83
PS 22:1-22:6	307	0.7871794871794872	83
PE 17:0-17:0	306	0.7846153846153846	84
PE 18:3-22:4	304	0.7794871794871795	86
PC 20:1-22:3	303	0.7769230769230769	87
PC 20:3-22:0	302	0.7743589743589744	88
PE 20:2-22:2	302	0.7743589743589744	88
PE 18:4-22:4	301	0.7717948717948718	89
PS 22:2-22:6	301	0.7717948717948718	89
PC 16:1-22:1	300	0.7692307692307693	90
PE 18:4-22:1	300	0.7692307692307693	90
PC 20:0-22:2	299	0.7666666666666667	91
PC 20:0-22:3	299	0.7666666666666667	91
PE 16:1-20:3	298	0.764102564102564	92
PS 18:1-20:5	298	0.764102564102564	92
PE 20:4-20:4	296	0.7589743589743589	94
PG 16:0-20:3	296	0.7589743589743589	94
PI 18:2-18:3	296	0.7589743589743589	94
PC 20:2-22:2	295	0.7564102564102564	95
PE 20:0-22:1	295	0.7564102564102564	95
PC 18:1-22:1	290	0.7435897435897436	100
PS 16:0-18:3	290	0.7435897435897436	100
PG 20:4-20:4	289	0.7410256410256411	101
PC 18:2-18:4	288	0.7384615384615385	102
PC 22:0-22:1	288	0.7384615384615385	102
PI 18:0-22:1	288	0.7384615384615385	102
PI 18:1-20:3	288	0.7384615384615385	102
PI 18:2-22:0	288	0.7384615384615385	102
PI 18:1-20:0	287	0.735897435897436	103
PE 20:0-22:3	286	0.7333333333333333	104
PC 20:3-22:1	283	0.7256410256410256	107
PC 18:4-22:2	282	0.7230769230769231	108
PE 22:3-22:4	282	0.7230769230769231	108
PI 18:4-22:3	282	0.7230769230769231	108
PE 18:4-20:0	281	0.7205128205128205	109
PE 18:4-22:0	281	0.7205128205128205	109
PG 18:3-20:3	281	0.7205128205128205	109
PC 20:0-20:3	280	0.717948717948718	110
PE 20:3-22:0	280	0.717948717948718	110
PG 20:5-20:5	279	0.7153846153846154	111
PI 16:0-20:5	279	0.7153846153846154	111
PI 16:0-22:6	279	0.7153846153846154	111
PC 20:2-22:1	278	0.7128205128205128	112
PE 20:3-22:1	278	0.7128205128205128	112
PI 16:1-22:0	277	0.7102564102564103	113
PS 18:1-18:4	277	0.7102564102564103	113
PI 16:1-22:2	275	0.7051282051282052	115
PE 16:1-16:1	274	0.7025641025641025	116
PE 18:3-22:3	274	0.7025641025641025	116
PE 20:1-22:0	274	0.7025641025641025	116
PI 18:2-20:3	274	0.7025641025641025	116
PC 18:4-20:3	273	0.7	117
PE 18:4-20:1	273	0.7	117
PE 18:4-22:3	273	0.7	117
PG 18:0-18:0	273	0.7	117
PI 18:4-22:0	272	0.6974358974358974	118
PC 18:1-18:4	271	0.6948717948717948	119
PC 22:0-22:4	271	0.6948717948717948	119
PC 20:2-22:5	270	0.6923076923076923	120
PC 22:1-22:1	270	0.6923076923076923	120
PI 18:1-20:5	270	0.6923076923076923	120
PI 18:4-22:1	270	0.6923076923076923	120
PC 18:3-22:4	269	0.6897435897435897	121
PC 20:0-22:4	269	0.6897435897435897	121
PC 18:0-18:4	268	0.6871794871794872	122
PE 18:4-20:2	268	0.6871794871794872	122
PE 20:2-22:4	268	0.6871794871794872	122
PS 20:3-22:3	268	0.6871794871794872	122
PC 20:0-22:5	267	0.6846153846153846	123
PC 22:4-22:6	267	0.6846153846153846	123
PI 18:3-22:4	267	0.6846153846153846	123
PE 18:3-22:0	266	0.6820512820512821	124
PE 22:1-22:4	266	0.6820512820512821	124
PE 16:1-22:2	265	0.6794871794871795	125
PS 18:1-22:0	265	0.6794871794871795	125
PC 18:4-22:5	264	0.676923076923077	126
PC 20:1-22:2	264	0.676923076923077	126
PE 22:2-22:5	264	0.676923076923077	126
PE 22:1-22:1	263	0.6743589743589744	127
PI 18:0-22:4	263	0.6743589743589744	127
PE 18:3-18:4	262	0.6717948717948717	128
PI 16:1-22:1	262	0.6717948717948717	128
PI 18:3-20:5	262	0.6717948717948717	128
PI 18:3-22:1	262	0.6717948717948717	128
PI 20:4-22:0	262	0.6717948717948717	128
PC 20:0-22:1	261	0.6692307692307692	129
PC 20:2-22:3	261	0.6692307692307692	129
PE 18:3-18:3	261	0.6692307692307692	129
PE 18:4-18:4	261	0.6692307692307692	129
PI 18:3-22:2	260	0.6666666666666666	130
PC 18:4-22:1	259	0.6641025641025641	131
PC 20:3-22:5	259	0.6641025641025641	131
PC 22:3-22:6	259	0.6641025641025641	131
PC 22:5-22:5	259	0.6641025641025641	131
PE 20:1-20:2	259	0.6641025641025641	131
PE 20:2-20:2	259	0.6641025641025641	131
PG 18:3-20:5	259	0.6641025641025641	131
PI 16:1-22:3	259	0.6641025641025641	131
PI 18:1-18:4	258	0.6615384615384615	132
PI 20:1-20:4	258	0.6615384615384615	132
PC 18:4-22:0	257	0.658974358974359	133
PE 18:1-22:0	257	0.658974358974359	133
PE 22:2-22:2	257	0.658974358974359	133
PG 18:3-22:6	257	0.658974358974359	133
PI 18:0-20:0	257	0.658974358974359	133
PS 16:0-16:1	257	0.658974358974359	133
PC 22:0-22:2	256	0.6564102564102564	134
PC 22:0-22:3	256	0.6564102564102564	134
PE 18:0-22:5	256	0.6564102564102564	134
PE 18:3-20:5	256	0.6564102564102564	134
PE 18:4-22:6	256	0.6564102564102564	134
PI 18:2-18:2	256	0.6564102564102564	134
PS 18:1-22:5	256	0.6564102564102564	134
PC 18:3-22:2	255	0.6538461538461539	135
PE 18:4-20:5	255	0.6538461538461539	135
PI 16:1-20:0	255	0.6538461538461539	135
PI 20:1-20:3	255	0.6538461538461539	135
PI 20:1-22:5	255	0.6538461538461539	135
PC 22:0-22:0	254	0.6512820512820513	136
PE 22:2-22:6	254	0.6512820512820513	136
PG 18:0-20:2	254	0.6512820512820513	136
PI 18:3-22:5	254	0.6512820512820513	136
PI 20:2-22:3	254	0.6512820512820513	136
PS 18:2-22:5	254	0.6512820512820513	136
TAG54:4-FA20:4	254	0.6512820512820513	136
PE 18:3-22:1	253	0.6487179487179487	137
PG 16:0-22:4	253	0.6487179487179487	137
PI 18:1-18:3	253	0.6487179487179487	137
PC 22:1-22:2	252	0.6461538461538462	138
PE 16:1-18:4	252	0.6461538461538462	138
PE 18:2-18:3	252	0.6461538461538462	138
PE 20:2-22:3	252	0.6461538461538462	138
PC 22:2-22:2	251	0.6435897435897436	139
PE 18:4-20:3	251	0.6435897435897436	139
PE 18:4-20:4	251	0.6435897435897436	139
PE 20:2-22:1	251	0.6435897435897436	139
PE 22:0-22:4	251	0.6435897435897436	139
PI 18:4-22:4	251	0.6435897435897436	139
PI 20:2-22:4	251	0.6435897435897436	139
PC 18:2-22:4	250	0.6410256410256411	140
PC 22:2-22:6	250	0.6410256410256411	140
PE 20:2-20:3	250	0.6410256410256411	140
PE 22:2-22:3	250	0.6410256410256411	140
PI 18:1-22:0	250	0.6410256410256411	140
PC 16:1-20:0	249	0.6384615384615384	141
PC 18:3-20:0	249	0.6384615384615384	141
PC 18:4-18:4	249	0.6384615384615384	141
PE 18:2-20:5	249	0.6384615384615384	141
PE 22:0-22:6	249	0.6384615384615384	141
PI 18:0-22:0	249	0.6384615384615384	141
PI 18:4-22:2	249	0.6384615384615384	141
PI 20:1-22:6	249	0.6384615384615384	141
PC 22:4-22:5	248	0.6358974358974359	142
PE 22:2-22:4	248	0.6358974358974359	142
PI 16:1-20:5	248	0.6358974358974359	142
PE 16:1-18:3	247	0.6333333333333333	143
PE 18:0-22:1	247	0.6333333333333333	143
PE 18:1-22:4	247	0.6333333333333333	143
PE 22:1-22:6	247	0.6333333333333333	143
PG 16:0-20:2	247	0.6333333333333333	143
PI 16:0-22:4	247	0.6333333333333333	143
PI 16:1-18:3	247	0.6333333333333333	143
PI 18:3-22:6	247	0.6333333333333333	143
PS 20:1-22:6	247	0.6333333333333333	143
PC 20:1-22:5	246	0.6307692307692307	144
PE 16:1-22:4	246	0.6307692307692307	144
PI 16:0-22:3	246	0.6307692307692307	144
PI 18:3-20:4	246	0.6307692307692307	144
PI 18:4-20:2	246	0.6307692307692307	144
PC 18:4-20:0	245	0.6282051282051282	145
PE 22:1-22:3	245	0.6282051282051282	145
PI 18:2-22:4	245	0.6282051282051282	145
PI 20:0-20:3	245	0.6282051282051282	145
PI 20:0-20:5	245	0.6282051282051282	145
PI 20:0-22:6	244	0.6256410256410256	146
PI 20:2-22:5	244	0.6256410256410256	146
PC 18:4-22:3	243	0.6230769230769231	147
PC 22:0-22:5	243	0.6230769230769231	147
PC 22:1-22:4	243	0.6230769230769231	147
PE 16:1-20:1	243	0.6230769230769231	147
PG 18:0-20:4	243	0.6230769230769231	147
PI 20:1-22:4	243	0.6230769230769231	147
PI 20:3-22:3	243	0.6230769230769231	147
PC 16:1-22:2	242	0.6205128205128205	148
PC 17:0-17:0	242	0.6205128205128205	148
PC 22:1-22:3	242	0.6205128205128205	148
PE 22:0-22:5	242	0.6205128205128205	148
PI 16:1-20:1	242	0.6205128205128205	148
PI 20:2-22:2	242	0.6205128205128205	148
PC 16:0-18:4	241	0.617948717948718	149
PC 22:3-22:5	241	0.617948717948718	149
PE 16:1-22:0	240	0.6153846153846154	150
PE 18:3-20:4	240	0.6153846153846154	150
PG 16:1-22:6	240	0.6153846153846154	150
PG 18:1-20:4	240	0.6153846153846154	150
PI 20:2-22:6	240	0.6153846153846154	150
PE 16:1-22:1	239	0.6128205128205129	151
PG 18:0-22:6	239	0.6128205128205129	151
PI 20:2-20:3	239	0.6128205128205129	151
PE 16:0-18:4	238	0.6102564102564103	152
PE 20:0-22:0	238	0.6102564102564103	152
PI 18:3-18:3	238	0.6102564102564103	152
PI 18:3-20:2	238	0.6102564102564103	152
PI 18:3-22:3	238	0.6102564102564103	152
PI 20:0-20:1	238	0.6102564102564103	152
PI 20:3-22:5	238	0.6102564102564103	152
PI 20:5-22:2	238	0.6102564102564103	152
PI 20:5-22:3	238	0.6102564102564103	152
PC 20:5-22:1	237	0.6076923076923076	153
PC 20:5-22:3	237	0.6076923076923076	153
PE 20:0-22:5	237	0.6076923076923076	153
PE 22:0-22:2	237	0.6076923076923076	153
PE 22:1-22:5	237	0.6076923076923076	153
PE 22:4-22:4	237	0.6076923076923076	153
PG 18:0-18:3	237	0.6076923076923076	153
PI 16:1-18:4	237	0.6076923076923076	153
PI 16:1-22:4	237	0.6076923076923076	153
PI 18:3-18:4	237	0.6076923076923076	153
PI 18:4-20:1	237	0.6076923076923076	153
PI 20:2-20:4	237	0.6076923076923076	153
PC 20:1-22:0	236	0.6051282051282051	154
PE 16:1-20:5	236	0.6051282051282051	154
PE 18:0-20:4	236	0.6051282051282051	154
PE 20:5-22:0	236	0.6051282051282051	154
PE 22:3-22:3	236	0.6051282051282051	154
PI 20:0-20:0	236	0.6051282051282051	154
PI 20:1-20:1	236	0.6051282051282051	154
PE 18:1-20:3	235	0.6025641025641025	155
PE 18:2-18:4	235	0.6025641025641025	155
PE 20:3-20:4	235	0.6025641025641025	155
PC 18:4-22:4	234	0.6	156
PC 20:3-22:3	234	0.6	156
PC 20:5-22:0	234	0.6	156
PE 16:1-20:2	234	0.6	156
PE 18:1-18:3	234	0.6	156
PE 18:3-20:2	234	0.6	156
PE 20:1-22:4	234	0.6	156
PG 18:2-22:4	234	0.6	156
PG 20:4-20:5	234	0.6	156
PI 18:4-20:5	234	0.6	156
PI 18:4-22:5	234	0.6	156
PI 20:2-20:2	234	0.6	156
PI 20:3-20:5	234	0.6	156
PC 22:3-22:4	233	0.5974358974358974	157
PE 18:3-20:3	233	0.5974358974358974	157
PE 20:1-20:3	233	0.5974358974358974	157
PE 20:1-22:2	233	0.5974358974358974	157
PE 22:1-22:2	233	0.5974358974358974	157
PI 16:1-20:3	233	0.5974358974358974	157
PI 18:2-20:5	233	0.5974358974358974	157
PC 20:4-22:2	232	0.5948717948717949	158
PC 22:1-22:5	232	0.5948717948717949	158
PC 22:2-22:3	232	0.5948717948717949	158
PE 18:1-18:4	232	0.5948717948717949	158
PE 20:1-22:6	232	0.5948717948717949	158
PI 16:0-20:0	232	0.5948717948717949	158
PI 18:4-18:4	232	0.5948717948717949	158
PC 16:1-18:4	231	0.5923076923076923	159
PE 20:0-20:5	231	0.5923076923076923	159
PE 20:5-22:1	231	0.5923076923076923	159
PG 18:0-20:5	231	0.5923076923076923	159
PI 18:3-20:3	231	0.5923076923076923	159
PI 18:4-20:3	231	0.5923076923076923	159
PI 20:0-22:5	231	0.5923076923076923	159
PI 20:1-20:2	231	0.5923076923076923	159
PI 20:3-22:4	231	0.5923076923076923	159
PI 20:4-22:6	231	0.5923076923076923	159
PC 18:2-22:3	230	0.5897435897435898	160
PE 22:0-22:3	230	0.5897435897435898	160
PI 16:0-22:1	230	0.5897435897435898	160
PI 18:4-20:4	230	0.5897435897435898	160
PI 20:5-22:0	230	0.5897435897435898	160
PE 20:0-20:3	229	0.5871794871794872	161
PI 20:0-20:2	229	0.5871794871794872	161
PC 18:4-20:1	228	0.5846153846153846	162
PC 22:3-22:3	228	0.5846153846153846	162
PE 16:1-22:3	228	0.5846153846153846	162
PG 18:1-20:3	228	0.5846153846153846	162
PG 18:2-22:5	228	0.5846153846153846	162
PI 16:0-22:0	228	0.5846153846153846	162
PI 18:3-22:0	228	0.5846153846153846	162
PE 16:0-22:0	227	0.5820512820512821	163
PE 18:0-18:4	227	0.5820512820512821	163
PE 20:0-20:1	227	0.5820512820512821	163
PI 16:1-22:6	227	0.5820512820512821	163
PI 20:5-22:4	227	0.5820512820512821	163
PC 20:5-22:2	226	0.5794871794871795	164
PC 22:1-22:6	226	0.5794871794871795	164
PC 22:2-22:5	226	0.5794871794871795	164
PG 20:3-20:4	226	0.5794871794871795	164
PC 16:1-22:3	225	0.5769230769230769	165
PC 18:3-22:1	224	0.5743589743589743	166
PE 20:5-22:2	224	0.5743589743589743	166
PC 20:0-20:2	223	0.5717948717948718	167
PI 16:1-20:4	223	0.5717948717948718	167
PI 16:1-22:5	223	0.5717948717948718	167
PC 18:4-20:2	222	0.5692307692307692	168
PC 22:2-22:4	222	0.5692307692307692	168
PE 18:3-20:1	222	0.5692307692307692	168
PI 18:1-22:4	222	0.5692307692307692	168
PI 18:3-20:0	222	0.5692307692307692	168
PI 18:4-20:0	222	0.5692307692307692	168
PE 22:0-22:1	221	0.5666666666666667	169
PC 20:0-20:5	220	0.5641025641025641	170
PC 20:3-22:4	220	0.5641025641025641	170
PI 16:1-20:2	220	0.5641025641025641	170
PI 18:1-22:3	220	0.5641025641025641	170
PI 20:5-22:5	220	0.5641025641025641	170
PE 18:2-18:2	219	0.5615384615384615	171
PE 20:3-20:5	219	0.5615384615384615	171
PG 18:1-22:5	219	0.5615384615384615	171
PI 20:3-22:6	219	0.5615384615384615	171
PI 20:5-20:5	219	0.5615384615384615	171
PC 20:5-22:6	218	0.558974358974359	172
PE 16:1-20:4	218	0.558974358974359	172
PE 18:2-22:2	218	0.558974358974359	172
PI 18:2-22:6	218	0.558974358974359	172
PI 18:0-22:5	217	0.5564102564102564	173
PI 18:1-20:2	216	0.5538461538461539	174
PI 18:1-22:6	216	0.5538461538461539	174
PI 20:3-20:3	216	0.5538461538461539	174
PI 20:4-22:2	216	0.5538461538461539	174
PE 20:1-22:5	215	0.5512820512820513	175
PE 20:2-20:5	215	0.5512820512820513	175
PG 18:1-20:5	215	0.5512820512820513	175
PI 18:3-20:1	215	0.5512820512820513	175
PI 20:5-22:1	215	0.5512820512820513	175
PC 18:3-22:3	214	0.5487179487179488	176
PE 16:1-20:0	214	0.5487179487179488	176
PE 20:0-20:0	214	0.5487179487179488	176
PE 22:3-22:5	214	0.5487179487179488	176
PG 18:3-20:4	214	0.5487179487179488	176
PC 18:3-22:0	213	0.5461538461538461	177
PE 20:0-20:4	213	0.5461538461538461	177
PG 18:2-22:3	213	0.5461538461538461	177
PI 18:4-22:6	213	0.5461538461538461	177
PS 20:3-20:5	213	0.5461538461538461	177
PC 18:3-22:5	212	0.5435897435897435	178
PE 20:5-20:5	212	0.5435897435897435	178
PI 20:4-22:4	212	0.5435897435897435	178
PI 20:4-22:5	212	0.5435897435897435	178
PE 16:0-16:1	211	0.541025641025641	179
PI 20:3-22:2	209	0.5358974358974359	181
PI 16:0-20:1	208	0.5333333333333333	182
PI 18:2-22:3	208	0.5333333333333333	182
PI 20:1-20:5	208	0.5333333333333333	182
PI 20:3-20:4	208	0.5333333333333333	182
PC 22:4-22:4	207	0.5307692307692308	183
PG 16:0-22:5	207	0.5307692307692308	183
PI 20:2-20:5	206	0.5282051282051282	184
PC 16:1-20:1	205	0.5256410256410257	185
PI 16:0-18:4	205	0.5256410256410257	185
PI 18:2-20:2	205	0.5256410256410257	185
PI 20:5-22:6	204	0.5230769230769231	186
PC 20:1-20:1	202	0.517948717948718	188
PC 20:3-20:5	202	0.517948717948718	188
PC 20:4-22:0	202	0.517948717948718	188
PE 18:3-22:2	202	0.517948717948718	188
PG 18:1-20:1	200	0.5128205128205128	190
PI 18:2-22:2	200	0.5128205128205128	190
PC 22:0-22:6	199	0.5102564102564102	191
PE 20:3-22:3	199	0.5102564102564102	191
PI 20:4-22:3	199	0.5102564102564102	191
PG 18:2-20:5	198	0.5076923076923077	192
PE 16:1-22:6	197	0.5051282051282051	193
PE 20:2-22:6	197	0.5051282051282051	193
PI 16:0-22:2	197	0.5051282051282051	193
PE 18:2-20:3	196	0.5025641025641026	194
PC 20:3-22:2	195	0.5	195
PE 16:0-20:1	193	0.4948717948717949	197
PE 16:0-20:2	193	0.4948717948717949	197
PG 16:0-20:0	193	0.4948717948717949	197
PG 18:1-22:6	193	0.4948717948717949	197
PS 18:2-22:4	193	0.4948717948717949	197
PE 20:4-22:4	192	0.49230769230769234	198
PI 18:0-22:6	191	0.4897435897435897	199
PG 16:0-22:6	189	0.4846153846153846	201
PC 18:1-22:3	188	0.48205128205128206	202
PE 20:0-22:4	188	0.48205128205128206	202
PE 22:3-22:6	188	0.48205128205128206	202
PG 20:3-20:3	187	0.4794871794871795	203
PE 18:2-20:2	186	0.47692307692307695	204
PG 18:2-20:3	186	0.47692307692307695	204
PI 18:1-22:2	186	0.47692307692307695	204
PE 20:0-22:6	185	0.47435897435897434	205
PC 18:3-20:1	181	0.4641025641025641	209
PE 16:0-20:0	181	0.4641025641025641	209
PE 18:1-20:5	180	0.46153846153846156	210
PC 18:3-22:6	179	0.45897435897435895	211
PS 18:1-18:2	179	0.45897435897435895	211
PC 20:5-22:5	177	0.45384615384615384	213
PI 20:3-22:1	176	0.4512820512820513	214
TAG52:6-FA22:6	176	0.4512820512820513	214
PI 18:0-18:4	174	0.4461538461538462	216
PI 18:1-22:5	173	0.44358974358974357	217
PI 18:2-20:0	173	0.44358974358974357	217
PI 20:4-20:4	173	0.44358974358974357	217
PC 20:2-22:4	171	0.43846153846153846	219
PE 18:1-22:2	171	0.43846153846153846	219
PC 18:3-20:2	170	0.4358974358974359	220
PG 18:0-18:1	170	0.4358974358974359	220
PS 18:2-18:3	170	0.4358974358974359	220
PI 16:1-18:2	169	0.43333333333333335	221
PI 18:2-22:5	169	0.43333333333333335	221
DAG 20:1-20:4	168	0.4307692307692308	222
PI 18:0-18:1	168	0.4307692307692308	222
PS 18:1-22:1	167	0.4282051282051282	223
PI 16:1-16:1	166	0.4256410256410256	224
PC 18:3-18:3	161	0.4128205128205128	229
PE 20:1-20:1	161	0.4128205128205128	229
PE 22:4-22:6	161	0.4128205128205128	229
PS 18:1-20:2	159	0.4076923076923077	231
DAG 20:1-22:2	158	0.40512820512820513	232
PG 18:0-20:1	158	0.40512820512820513	232
TAG54:1-FA20:1	158	0.40512820512820513	232
PE 16:1-18:1	156	0.4	234
PG 18:2-20:2	155	0.3974358974358974	235
PG 18:2-20:4	155	0.3974358974358974	235
SM 39:2	152	0.38974358974358975	238
TAG58:6-FA16:0	152	0.38974358974358975	238
PI 18:0-22:3	151	0.3871794871794872	239
PI 18:1-18:2	151	0.3871794871794872	239
PC 16:0-22:2	150	0.38461538461538464	240
PE 18:2-22:1	150	0.38461538461538464	240
PE 18:3-22:5	150	0.38461538461538464	240
PE 18:0-18:3	149	0.382051282051282	241
PE 18:0-20:3	148	0.37948717948717947	242
PE 20:3-22:4	148	0.37948717948717947	242
PC 18:4-22:6	147	0.3769230769230769	243
PE 16:1-18:2	147	0.3769230769230769	243
PE 20:5-22:3	146	0.37435897435897436	244
PC 16:1-22:4	145	0.3717948717948718	245
TAG46:0-FA12:0	145	0.3717948717948718	245
LPE 15:0	144	0.36923076923076925	246
PC 22:5-22:6	144	0.36923076923076925	246
PC 16:1-20:2	143	0.36666666666666664	247
PE 20:1-20:4	143	0.36666666666666664	247
DAG 20:1-22:3	142	0.3641025641025641	248
PC 16:1-22:6	142	0.3641025641025641	248
PG 18:0-20:0	142	0.3641025641025641	248
PC 20:1-22:6	140	0.358974358974359	250
SM 41:3	140	0.358974358974359	250
PC 20:1-20:5	139	0.3564102564102564	251
PC 20:1-22:4	139	0.3564102564102564	251
PC 20:5-20:5	139	0.3564102564102564	251
PG 18:2-22:6	138	0.35384615384615387	252
PI 20:4-22:1	137	0.35128205128205126	253
PS 18:1-20:4	137	0.35128205128205126	253
PC 16:1-20:5	136	0.3487179487179487	254
PI 16:0-20:4	134	0.3435897435897436	256
PI 16:0-16:0	133	0.34102564102564104	257
PE 16:0-22:6	132	0.3384615384615385	258
PI 18:0-22:2	132	0.3384615384615385	258
PE 16:1-18:0	131	0.33589743589743587	259
PG 16:1-22:1	128	0.3282051282051282	262
PG 18:0-18:2	128	0.3282051282051282	262
PI 18:0-20:4	128	0.3282051282051282	262
PS 18:2-20:1	128	0.3282051282051282	262
PC 16:1-22:5	127	0.32564102564102565	263
PC 20:4-20:5	127	0.32564102564102565	263
PE 16:0-22:4	127	0.32564102564102565	263
PI 20:4-20:5	127	0.32564102564102565	263
PC 18:4-20:5	126	0.3230769230769231	264
PC 20:4-22:1	126	0.3230769230769231	264
PE 20:4-22:2	126	0.3230769230769231	264
PI 16:0-16:1	126	0.3230769230769231	264
PC 18:3-20:3	125	0.32051282051282054	265
PE 16:0-20:3	125	0.32051282051282054	265
PE 18:1-18:2	125	0.32051282051282054	265
PI 16:0-20:3	125	0.32051282051282054	265
PI 18:1-20:1	125	0.32051282051282054	265
PS 18:0-22:6	124	0.31794871794871793	266
PC 22:6-22:6	123	0.3153846153846154	267
PC 20:0-22:0	122	0.3128205128205128	268
PE 18:0-20:5	122	0.3128205128205128	268
PE 18:1-22:3	122	0.3128205128205128	268
PG 18:2-18:2	122	0.3128205128205128	268
PS 18:2-18:4	122	0.3128205128205128	268
PS 18:2-20:5	122	0.3128205128205128	268
PC 20:2-20:5	121	0.31025641025641026	269
PE 18:0-18:0	121	0.31025641025641026	269
PE 20:4-22:0	120	0.3076923076923077	270
PC 20:0-22:6	119	0.30512820512820515	271
PE 16:1-22:5	119	0.30512820512820515	271
SM 37:0	119	0.30512820512820515	271
PG 16:0-22:0	118	0.30256410256410254	272
Cer d18:1/24:1	117	0.3	273
PE 16:0-20:5	117	0.3	273
PE 18:1-22:1	117	0.3	273
PE 18:3-22:6	117	0.3	273
PE 22:0-22:0	117	0.3	273
PS 16:0-18:4	117	0.3	273
LPE 22:0	115	0.2948717948717949	275
PC 18:0-22:4	114	0.2923076923076923	276
TAG48:0-FA14:0	114	0.2923076923076923	276
PC 16:0-18:0	113	0.28974358974358977	277
PE 16:0-16:0	113	0.28974358974358977	277
PE 16:0-18:3	113	0.28974358974358977	277
PC 18:2-20:0	112	0.28717948717948716	278
PE 18:0-22:0	112	0.28717948717948716	278
PE 20:4-22:6	112	0.28717948717948716	278
DAG 18:1-18:4	110	0.28205128205128205	280
PE 20:1-22:3	110	0.28205128205128205	280
PI 16:0-20:2	110	0.28205128205128205	280
PI 20:0-20:4	109	0.2794871794871795	281
PE 18:2-22:4	108	0.27692307692307694	282
PE 20:0-20:2	107	0.2743589743589744	283
TAG48:4-FA20:4	107	0.2743589743589744	283
PC 16:0-22:6	106	0.2717948717948718	284
PC 16:1-22:0	106	0.2717948717948718	284
PC 18:1-20:1	106	0.2717948717948718	284
PE 18:1-20:0	106	0.2717948717948718	284
PG 18:3-22:4	106	0.2717948717948718	284
PC 20:2-20:2	105	0.2692307692307692	285
PG 18:1-18:2	105	0.2692307692307692	285
PI 18:1-20:4	105	0.2692307692307692	285
PC 18:0-22:3	103	0.2641025641025641	287
PC 18:3-20:5	103	0.2641025641025641	287
PE 16:0-18:0	103	0.2641025641025641	287
PI 18:2-18:4	103	0.2641025641025641	287
PC 16:1-18:0	102	0.26153846153846155	288
PC 18:0-18:1	102	0.26153846153846155	288
PE 16:0-22:1	101	0.258974358974359	289
PE 18:1-20:2	101	0.258974358974359	289
PI 16:1-18:1	101	0.258974358974359	289
PC 18:0-20:4	100	0.2564102564102564	290
PE 20:2-22:5	100	0.2564102564102564	290
SM 40:4	100	0.2564102564102564	290
PE 18:3-20:0	98	0.2512820512820513	292
LPE 22:2	97	0.24871794871794872	293
PC 16:1-18:1	97	0.24871794871794872	293
PC 18:1-22:2	97	0.24871794871794872	293
PC 20:2-22:6	97	0.24871794871794872	293
PE 18:2-22:0	97	0.24871794871794872	293
PE 20:4-20:5	97	0.24871794871794872	293
LPE 19:0	96	0.24615384615384617	294
PC 16:0-18:3	96	0.24615384615384617	294
PC 18:2-22:1	96	0.24615384615384617	294
TAG48:1-FA14:1	96	0.24615384615384617	294
PE 18:1-22:6	95	0.24358974358974358	295
PI 18:2-20:1	95	0.24358974358974358	295
PS 18:2-18:2	95	0.24358974358974358	295
DAG 16:1-18:4	94	0.24102564102564103	296
LPC 22:0	94	0.24102564102564103	296
PC 16:1-20:3	94	0.24102564102564103	296
PC 18:0-20:2	94	0.24102564102564103	296
PI 18:0-18:0	94	0.24102564102564103	296
TAG54:1-FA18:1	94	0.24102564102564103	296
LPE 20:2	93	0.23846153846153847	297
PC 16:0-20:5	93	0.23846153846153847	297
PE 16:0-22:2	93	0.23846153846153847	297
PE 20:3-22:2	93	0.23846153846153847	297
PI 18:0-20:3	93	0.23846153846153847	297
DAG 16:1-18:3	92	0.2358974358974359	298
PC 18:2-20:1	92	0.2358974358974359	298
PE 22:5-22:6	92	0.2358974358974359	298
PG 18:1-18:3	92	0.2358974358974359	298
PC 18:1-20:4	91	0.23333333333333334	299
PC 20:0-20:1	91	0.23333333333333334	299
PC 16:0-20:1	90	0.23076923076923078	300
PC 16:0-22:4	90	0.23076923076923078	300
PC 16:1-18:2	90	0.23076923076923078	300
PE 22:5-22:5	90	0.23076923076923078	300
TAG58:6-FA18:0	90	0.23076923076923078	300
PC 16:0-20:2	89	0.2282051282051282	301
PC 16:1-18:3	89	0.2282051282051282	301
PC 18:0-22:2	89	0.2282051282051282	301
PC 18:2-22:5	89	0.2282051282051282	301
PE 16:0-18:1	89	0.2282051282051282	301
PE 18:2-20:0	89	0.2282051282051282	301
PS 16:0-22:6	89	0.2282051282051282	301
PC 16:0-20:3	88	0.22564102564102564	302
PC 18:0-18:3	88	0.22564102564102564	302
PC 18:1-18:1	88	0.22564102564102564	302
PE 18:2-20:4	88	0.22564102564102564	302
PI 16:1-18:0	88	0.22564102564102564	302
LPE 20:0	87	0.2230769230769231	303
PC 20:2-20:3	87	0.2230769230769231	303
PE 18:0-22:6	87	0.2230769230769231	303
PE 18:2-22:6	87	0.2230769230769231	303
PG 16:0-22:1	87	0.2230769230769231	303
PI 18:0-20:2	87	0.2230769230769231	303
PC 16:0-16:0	86	0.2205128205128205	304
PE 18:0-22:3	86	0.2205128205128205	304
SM 41:4	86	0.2205128205128205	304
PC 16:0-20:4	85	0.21794871794871795	305
PC 16:1-16:1	85	0.21794871794871795	305
PC 18:2-22:2	85	0.21794871794871795	305
PE 16:0-18:2	85	0.21794871794871795	305
PE 18:0-22:4	85	0.21794871794871795	305
PE 20:5-22:5	85	0.21794871794871795	305
PE 20:5-22:6	85	0.21794871794871795	305
PG 18:1-18:1	85	0.21794871794871795	305
PC 16:0-18:1	84	0.2153846153846154	306
PC 18:0-22:6	84	0.2153846153846154	306
PC 18:1-20:5	84	0.2153846153846154	306
PC 18:1-22:5	84	0.2153846153846154	306
PC 20:1-20:3	84	0.2153846153846154	306
PE 18:1-18:1	84	0.2153846153846154	306
PE 18:1-20:4	84	0.2153846153846154	306
LPE 14:0	83	0.2128205128205128	307
PC 18:1-18:2	83	0.2128205128205128	307
PC 18:2-20:4	83	0.2128205128205128	307
PE 18:0-20:1	83	0.2128205128205128	307
PE 18:0-20:2	83	0.2128205128205128	307
PE 18:1-22:5	83	0.2128205128205128	307
PE 20:4-22:5	83	0.2128205128205128	307
PS 18:2-20:3	83	0.2128205128205128	307
PE 18:2-22:3	82	0.21025641025641026	308
PI 18:0-18:3	82	0.21025641025641026	308
PE 16:0-22:3	81	0.2076923076923077	309
PE 18:1-20:1	81	0.2076923076923077	309
LPC 22:1	80	0.20512820512820512	310
LPE 20:5	80	0.20512820512820512	310
PC 18:1-18:3	80	0.20512820512820512	310
PC 18:2-18:3	80	0.20512820512820512	310
PE 18:0-22:2	80	0.20512820512820512	310
PG 18:0-22:5	80	0.20512820512820512	310
PC 16:1-20:4	79	0.20256410256410257	311
PC 20:0-20:4	79	0.20256410256410257	311
PC 18:0-20:3	78	0.2	312
PC 18:0-22:5	78	0.2	312
PE 20:3-22:5	78	0.2	312
PE 20:4-22:3	78	0.2	312
PI 16:0-18:3	78	0.2	312
PS 20:3-22:6	78	0.2	312
PC 16:0-22:1	77	0.19743589743589743	313
PC 20:1-20:4	77	0.19743589743589743	313
LPC 22:4	76	0.19487179487179487	314
PI 16:0-18:1	76	0.19487179487179487	314
PS 18:1-22:6	76	0.19487179487179487	314
PC 18:0-20:0	75	0.19230769230769232	315
PE 22:6-22:6	75	0.19230769230769232	315
PC 18:0-20:1	74	0.18974358974358974	316
PC 18:2-18:2	74	0.18974358974358974	316
PE 18:2-22:5	74	0.18974358974358974	316
PI 16:0-22:5	74	0.18974358974358974	316
PS 18:2-22:3	74	0.18974358974358974	316
DAG 20:0-22:4	73	0.18717948717948718	317
LPE 20:3	73	0.18717948717948718	317
PE 18:0-18:2	73	0.18717948717948718	317
TAG60:10-FA22:5	73	0.18717948717948718	317
PC 20:4-20:4	71	0.18205128205128204	319
PE 16:0-20:4	71	0.18205128205128204	319
PC 18:1-22:4	70	0.1794871794871795	320
PS 20:4-22:6	70	0.1794871794871795	320
LPC 22:2	69	0.17692307692307693	321
DAG 20:0-20:4	68	0.17435897435897435	322
PG 18:1-20:0	68	0.17435897435897435	322
TAG58:6-FA18:1	67	0.1717948717948718	323
PC 16:0-16:1	66	0.16923076923076924	324
DAG 18:1-20:5	65	0.16666666666666666	325
PC 16:0-20:0	65	0.16666666666666666	325
PC 18:1-20:2	65	0.16666666666666666	325
PS 18:1-18:1	64	0.1641025641025641	326
TAG44:0-FA18:0	64	0.1641025641025641	326
LPE 20:1	63	0.16153846153846155	327
LPE 22:6	63	0.16153846153846155	327
TAG52:0-FA16:0	62	0.15897435897435896	328
TAG58:7-FA18:2	62	0.15897435897435896	328
TAG48:5-FA18:3	61	0.1564102564102564	329
TAG52:0-FA18:0	61	0.1564102564102564	329
DAG 20:0-20:3	59	0.15128205128205127	331
PC 18:2-20:5	59	0.15128205128205127	331
PC 20:4-22:5	59	0.15128205128205127	331
LPE 17:1	58	0.14871794871794872	332
PG 18:2-20:0	58	0.14871794871794872	332
PS 18:2-20:2	57	0.14615384615384616	333
TAG54:5-FA20:5	57	0.14615384615384616	333
PC 18:2-22:0	56	0.14358974358974358	334
PE 20:4-22:1	56	0.14358974358974358	334
PS 20:4-22:4	55	0.14102564102564102	335
LPE 20:4	54	0.13846153846153847	336
PC 16:0-22:5	54	0.13846153846153847	336
PC 18:2-20:2	54	0.13846153846153847	336
TAG46:1-FA18:0	53	0.1358974358974359	337
PS 20:4-22:3	51	0.13076923076923078	339
PC 16:0-18:2	50	0.1282051282051282	340
PC 18:1-20:3	50	0.1282051282051282	340
PC 20:3-22:6	49	0.12564102564102564	341
TAG56:3-FA16:0	49	0.12564102564102564	341
DAG 20:1-20:1	48	0.12307692307692308	342
PC 20:4-22:3	48	0.12307692307692308	342
PE 18:2-20:1	48	0.12307692307692308	342
PC 18:0-18:2	47	0.12051282051282051	343
PC 18:1-20:0	46	0.11794871794871795	344
PS 20:4-22:2	44	0.11282051282051282	346
LPC 20:2	43	0.11025641025641025	347
PI 18:2-22:1	42	0.1076923076923077	348
PC 16:0-22:0	41	0.10512820512820513	349
PC 18:1-22:0	41	0.10512820512820513	349
LPC 20:0	38	0.09743589743589744	352
LPC 22:5	36	0.09230769230769231	354
LPE 18:3	36	0.09230769230769231	354
TAG54:6-FA22:6	36	0.09230769230769231	354
TAG56:5-FA18:2	35	0.08974358974358974	355
SM 39:3	34	0.08717948717948718	356
TAG48:2-FA12:0	34	0.08717948717948718	356
TAG51:1-FA15:0	34	0.08717948717948718	356
TAG52:2-FA18:2	33	0.08461538461538462	357
DAG 16:0-18:3	32	0.08205128205128205	358
TAG48:3-FA12:0	32	0.08205128205128205	358
TAG58:6-FA22:5	31	0.07948717948717948	359
TAG60:11-FA22:5	31	0.07948717948717948	359
TAG51:4-FA20:4	30	0.07692307692307693	360
TAG52:6-FA20:5	30	0.07692307692307693	360
TAG56:3-FA18:0	29	0.07435897435897436	361
LPC 19:0	28	0.07179487179487179	362
LPE 16:0	28	0.07179487179487179	362
TAG60:11-FA22:6	28	0.07179487179487179	362
DAG 20:0-20:5	27	0.06923076923076923	363
PC 18:1-22:6	27	0.06923076923076923	363
TAG45:1-FA18:1	27	0.06923076923076923	363
TAG48:2-FA18:0	27	0.06923076923076923	363
TAG50:5-FA20:5	27	0.06923076923076923	363
TAG56:5-FA20:2	27	0.06923076923076923	363
TAG52:2-FA16:1	26	0.06666666666666667	364
PI 18:1-18:1	25	0.0641025641025641	365
PC 20:4-22:6	24	0.06153846153846154	366
TAG42:2-FA12:0	24	0.06153846153846154	366
TAG46:0-FA18:0	24	0.06153846153846154	366
TAG52:4-FA22:4	24	0.06153846153846154	366
TAG54:7-FA22:5	24	0.06153846153846154	366
LPE 18:0	23	0.05897435897435897	367
TAG44:0-FA12:0	21	0.05384615384615385	369
TAG52:1-FA20:1	20	0.05128205128205128	370
PC 18:0-22:0	18	0.046153846153846156	372
PI 18:0-18:2	18	0.046153846153846156	372
SM 35:0	18	0.046153846153846156	372
TAG46:2-FA12:0	18	0.046153846153846156	372
TAG52:2-FA20:0	18	0.046153846153846156	372
TAG52:5-FA14:0	18	0.046153846153846156	372
TAG56:3-FA18:2	18	0.046153846153846156	372
TAG60:10-FA22:6	18	0.046153846153846156	372
LPC 15:0	17	0.04358974358974359	373
LPC 17:0	17	0.04358974358974359	373
SM 40:0	17	0.04358974358974359	373
TAG50:1-FA20:1	17	0.04358974358974359	373
TAG58:7-FA20:4	17	0.04358974358974359	373
Cer d18:1/22:0	16	0.041025641025641026	374
SM 36:0	16	0.041025641025641026	374
TAG42:0-FA12:0	16	0.041025641025641026	374
TAG50:0-FA16:0	16	0.041025641025641026	374
TAG50:2-FA14:1	16	0.041025641025641026	374
TAG52:1-FA20:0	16	0.041025641025641026	374
TAG56:2-FA20:1	16	0.041025641025641026	374
TAG46:1-FA12:0	15	0.038461538461538464	375
TAG48:1-FA18:0	15	0.038461538461538464	375
TAG56:5-FA20:1	15	0.038461538461538464	375
PI 18:0-20:5	14	0.035897435897435895	376
TAG50:4-FA20:4	14	0.035897435897435895	376
TAG52:2-FA14:0	14	0.035897435897435895	376
TAG53:2-FA17:0	14	0.035897435897435895	376
TAG54:7-FA22:6	14	0.035897435897435895	376
TAG58:8-FA18:2	14	0.035897435897435895	376
DAG 18:0-18:3	13	0.03333333333333333	377
LPE 22:1	13	0.03333333333333333	377
PC 20:0-20:0	13	0.03333333333333333	377
TAG47:2-FA14:0	13	0.03333333333333333	377
TAG58:8-FA20:3	13	0.03333333333333333	377
TAG60:12-FA22:6	13	0.03333333333333333	377
PS 18:2-22:6	12	0.03076923076923077	378
TAG44:1-FA18:1	12	0.03076923076923077	378
TAG47:0-FA16:0	12	0.03076923076923077	378
TAG47:2-FA18:2	12	0.03076923076923077	378
DAG 18:1-20:2	11	0.028205128205128206	379
LPC 19:1	11	0.028205128205128206	379
PC 18:2-20:3	11	0.028205128205128206	379
TAG44:1-FA12:0	11	0.028205128205128206	379
TAG50:5-FA20:4	11	0.028205128205128206	379
TAG54:1-FA18:0	11	0.028205128205128206	379
TAG58:10-FA22:5	11	0.028205128205128206	379
DAG 20:1-22:4	10	0.02564102564102564	380
TAG50:4-FA20:3	10	0.02564102564102564	380
TAG50:5-FA16:0	10	0.02564102564102564	380
TAG56:7-FA18:0	10	0.02564102564102564	380
LPC 22:6	9	0.023076923076923078	381
SM 35:1	9	0.023076923076923078	381
TAG50:2-FA18:0	9	0.023076923076923078	381
TAG52:6-FA14:0	9	0.023076923076923078	381
TAG56:6-FA18:3	9	0.023076923076923078	381
TAG58:7-FA18:1	9	0.023076923076923078	381
TAG58:8-FA20:4	9	0.023076923076923078	381
TAG47:2-FA18:1	8	0.020512820512820513	382
TAG52:1-FA16:1	8	0.020512820512820513	382
TAG52:5-FA20:5	8	0.020512820512820513	382
TAG54:8-FA22:6	8	0.020512820512820513	382
TAG56:3-FA18:1	8	0.020512820512820513	382
TAG58:6-FA20:4	8	0.020512820512820513	382
TAG58:7-FA18:0	8	0.020512820512820513	382
DAG 20:0-22:5	7	0.017948717948717947	383
LPE 18:2	7	0.017948717948717947	383
LPE 19:1	7	0.017948717948717947	383
SM 37:1	7	0.017948717948717947	383
SM 42:5	7	0.017948717948717947	383
TAG46:1-FA18:1	7	0.017948717948717947	383
TAG47:1-FA16:0	7	0.017948717948717947	383
TAG47:1-FA17:0	7	0.017948717948717947	383
TAG50:5-FA18:1	7	0.017948717948717947	383
TAG52:4-FA22:1	7	0.017948717948717947	383
TAG54:8-FA20:4	7	0.017948717948717947	383
TAG56:6-FA20:2	7	0.017948717948717947	383
TAG58:10-FA20:5	7	0.017948717948717947	383
DAG 20:0-22:6	6	0.015384615384615385	384
SM 36:2	6	0.015384615384615385	384
SM 39:1	6	0.015384615384615385	384
SM 41:2	6	0.015384615384615385	384
TAG50:3-FA20:3	6	0.015384615384615385	384
TAG50:6-FA20:4	6	0.015384615384615385	384
TAG51:3-FA18:3	6	0.015384615384615385	384
TAG52:6-FA18:1	6	0.015384615384615385	384
TAG53:1-FA18:1	6	0.015384615384615385	384
TAG53:6-FA20:4	6	0.015384615384615385	384
TAG54:4-FA22:4	6	0.015384615384615385	384
TAG54:5-FA22:4	6	0.015384615384615385	384
TAG54:6-FA20:5	6	0.015384615384615385	384
TAG56:8-FA18:3	6	0.015384615384615385	384
DAG 20:0-20:2	5	0.01282051282051282	385
LPC 20:3	5	0.01282051282051282	385
LPE 18:1	5	0.01282051282051282	385
SM 38:2	5	0.01282051282051282	385
TAG42:0-FA16:0	5	0.01282051282051282	385
TAG44:1-FA14:1	5	0.01282051282051282	385
TAG46:2-FA14:0	5	0.01282051282051282	385
TAG46:2-FA18:2	5	0.01282051282051282	385
TAG47:1-FA18:1	5	0.01282051282051282	385
TAG48:1-FA18:1	5	0.01282051282051282	385
TAG50:3-FA18:0	5	0.01282051282051282	385
TAG51:0-FA18:0	5	0.01282051282051282	385
TAG51:1-FA18:0	5	0.01282051282051282	385
TAG52:3-FA22:1	5	0.01282051282051282	385
TAG52:6-FA20:4	5	0.01282051282051282	385
TAG54:5-FA22:1	5	0.01282051282051282	385
TAG54:6-FA16:0	5	0.01282051282051282	385
TAG56:2-FA18:0	5	0.01282051282051282	385
TAG56:5-FA16:0	5	0.01282051282051282	385
TAG56:6-FA20:3	5	0.01282051282051282	385
TAG56:7-FA16:1	5	0.01282051282051282	385
TAG56:7-FA18:3	5	0.01282051282051282	385
TAG56:7-FA22:4	5	0.01282051282051282	385
TAG56:8-FA16:1	5	0.01282051282051282	385
TAG56:9-FA22:6	5	0.01282051282051282	385
TAG58:10-FA18:2	5	0.01282051282051282	385
TAG58:8-FA18:1	5	0.01282051282051282	385
TAG58:9-FA22:5	5	0.01282051282051282	385
Cer d18:1/24:0	4	0.010256410256410256	386
DAG 20:1-22:6	4	0.010256410256410256	386
PC 18:0-20:5	4	0.010256410256410256	386
SM 41:1	4	0.010256410256410256	386
SM 42:4	4	0.010256410256410256	386
TAG44:2-FA12:0	4	0.010256410256410256	386
TAG47:2-FA15:0	4	0.010256410256410256	386
TAG48:1-FA14:0	4	0.010256410256410256	386
TAG48:4-FA14:0	4	0.010256410256410256	386
TAG52:4-FA14:0	4	0.010256410256410256	386
TAG52:4-FA18:0	4	0.010256410256410256	386
TAG52:4-FA20:2	4	0.010256410256410256	386
TAG52:5-FA20:3	4	0.010256410256410256	386
TAG54:4-FA20:1	4	0.010256410256410256	386
TAG54:4-FA22:1	4	0.010256410256410256	386
TAG54:6-FA20:3	4	0.010256410256410256	386
TAG54:7-FA16:1	4	0.010256410256410256	386
TAG56:5-FA18:0	4	0.010256410256410256	386
TAG56:6-FA22:4	4	0.010256410256410256	386
TAG56:7-FA20:3	4	0.010256410256410256	386
TAG56:7-FA20:5	4	0.010256410256410256	386
TAG56:9-FA18:3	4	0.010256410256410256	386
TAG56:9-FA20:4	4	0.010256410256410256	386
TAG56:9-FA20:5	4	0.010256410256410256	386
TAG58:10-FA22:6	4	0.010256410256410256	386
TAG58:7-FA22:5	4	0.010256410256410256	386
TAG58:8-FA22:5	4	0.010256410256410256	386
TAG58:8-FA22:6	4	0.010256410256410256	386
TAG58:9-FA18:2	4	0.010256410256410256	386
TAG58:9-FA20:4	4	0.010256410256410256	386
DAG 18:1-20:4	3	0.007692307692307693	387
DAG 20:1-22:1	3	0.007692307692307693	387
LPE 17:0	3	0.007692307692307693	387
SM 34:0	3	0.007692307692307693	387
SM 42:1	3	0.007692307692307693	387
TAG44:1-FA16:1	3	0.007692307692307693	387
TAG45:1-FA16:0	3	0.007692307692307693	387
TAG46:1-FA14:0	3	0.007692307692307693	387
TAG46:3-FA18:3	3	0.007692307692307693	387
TAG48:4-FA12:0	3	0.007692307692307693	387
TAG48:4-FA18:1	3	0.007692307692307693	387
TAG49:1-FA14:0	3	0.007692307692307693	387
TAG50:5-FA14:0	3	0.007692307692307693	387
TAG50:5-FA16:1	3	0.007692307692307693	387
TAG51:4-FA15:0	3	0.007692307692307693	387
TAG51:4-FA18:3	3	0.007692307692307693	387
TAG51:5-FA18:2	3	0.007692307692307693	387
TAG52:4-FA20:0	3	0.007692307692307693	387
TAG52:6-FA16:1	3	0.007692307692307693	387
TAG52:6-FA18:2	3	0.007692307692307693	387
TAG54:6-FA16:1	3	0.007692307692307693	387
TAG54:6-FA22:5	3	0.007692307692307693	387
TAG54:7-FA20:4	3	0.007692307692307693	387
TAG54:7-FA20:5	3	0.007692307692307693	387
TAG56:1-FA16:0	3	0.007692307692307693	387
TAG56:1-FA18:1	3	0.007692307692307693	387
TAG56:5-FA20:4	3	0.007692307692307693	387
TAG56:5-FA22:4	3	0.007692307692307693	387
TAG56:6-FA18:1	3	0.007692307692307693	387
TAG56:6-FA20:5	3	0.007692307692307693	387
TAG56:7-FA18:2	3	0.007692307692307693	387
TAG56:8-FA18:1	3	0.007692307692307693	387
TAG56:8-FA18:2	3	0.007692307692307693	387
TAG56:8-FA20:4	3	0.007692307692307693	387
TAG56:8-FA22:6	3	0.007692307692307693	387
TAG58:10-FA20:4	3	0.007692307692307693	387
TAG58:2-FA18:1	3	0.007692307692307693	387
TAG58:7-FA22:6	3	0.007692307692307693	387
DAG 18:1-20:3	2	0.005128205128205128	388
DAG 20:0-22:3	2	0.005128205128205128	388
SM 34:1	2	0.005128205128205128	388
SM 34:2	2	0.005128205128205128	388
SM 36:1	2	0.005128205128205128	388
SM 38:0	2	0.005128205128205128	388
SM 38:1	2	0.005128205128205128	388
SM 40:1	2	0.005128205128205128	388
SM 40:2	2	0.005128205128205128	388
SM 40:3	2	0.005128205128205128	388
SM 42:2	2	0.005128205128205128	388
SM 42:3	2	0.005128205128205128	388
TAG42:0-FA14:0	2	0.005128205128205128	388
TAG42:1-FA12:0	2	0.005128205128205128	388
TAG42:1-FA16:1	2	0.005128205128205128	388
TAG42:2-FA18:2	2	0.005128205128205128	388
TAG44:0-FA16:0	2	0.005128205128205128	388
TAG44:2-FA16:0	2	0.005128205128205128	388
TAG46:1-FA16:1	2	0.005128205128205128	388
TAG46:2-FA18:1	2	0.005128205128205128	388
TAG46:3-FA12:0	2	0.005128205128205128	388
TAG46:3-FA14:0	2	0.005128205128205128	388
TAG46:3-FA16:0	2	0.005128205128205128	388
TAG47:0-FA14:0	2	0.005128205128205128	388
TAG47:1-FA16:1	2	0.005128205128205128	388
TAG48:4-FA16:0	2	0.005128205128205128	388
TAG49:0-FA18:0	2	0.005128205128205128	388
TAG49:3-FA16:0	2	0.005128205128205128	388
TAG49:3-FA18:3	2	0.005128205128205128	388
TAG50:2-FA20:2	2	0.005128205128205128	388
TAG50:3-FA18:3	2	0.005128205128205128	388
TAG50:4-FA16:0	2	0.005128205128205128	388
TAG50:4-FA18:3	2	0.005128205128205128	388
TAG52:2-FA20:1	2	0.005128205128205128	388
TAG52:3-FA20:0	2	0.005128205128205128	388
TAG52:4-FA20:4	2	0.005128205128205128	388
TAG52:5-FA20:4	2	0.005128205128205128	388
TAG53:2-FA16:0	2	0.005128205128205128	388
TAG54:1-FA16:0	2	0.005128205128205128	388
TAG54:1-FA20:0	2	0.005128205128205128	388
TAG54:5-FA16:0	2	0.005128205128205128	388
TAG54:5-FA20:2	2	0.005128205128205128	388
TAG54:5-FA22:5	2	0.005128205128205128	388
TAG54:6-FA20:4	2	0.005128205128205128	388
TAG54:8-FA20:5	2	0.005128205128205128	388
TAG56:5-FA18:1	2	0.005128205128205128	388
TAG56:5-FA20:3	2	0.005128205128205128	388
TAG56:6-FA18:2	2	0.005128205128205128	388
TAG56:6-FA20:4	2	0.005128205128205128	388
TAG56:6-FA22:5	2	0.005128205128205128	388
TAG56:7-FA16:0	2	0.005128205128205128	388
TAG56:7-FA18:1	2	0.005128205128205128	388
TAG56:7-FA20:4	2	0.005128205128205128	388
TAG56:7-FA22:5	2	0.005128205128205128	388
TAG56:8-FA16:0	2	0.005128205128205128	388
TAG56:8-FA22:5	2	0.005128205128205128	388
TAG58:9-FA18:1	2	0.005128205128205128	388
TAG58:9-FA22:6	2	0.005128205128205128	388
DAG 20:0-22:0	1	0.002564102564102564	389
DAG 20:1-20:5	1	0.002564102564102564	389
LPC 17:1	1	0.002564102564102564	389
LPE 16:1	1	0.002564102564102564	389
PC 18:2-22:6	1	0.002564102564102564	389
TAG44:0-FA14:0	1	0.002564102564102564	389
TAG44:1-FA14:0	1	0.002564102564102564	389
TAG44:1-FA16:0	1	0.002564102564102564	389
TAG44:2-FA14:0	1	0.002564102564102564	389
TAG44:2-FA16:1	1	0.002564102564102564	389
TAG44:2-FA18:1	1	0.002564102564102564	389
TAG44:3-FA18:2	1	0.002564102564102564	389
TAG45:0-FA14:0	1	0.002564102564102564	389
TAG45:0-FA15:0	1	0.002564102564102564	389
TAG45:0-FA16:0	1	0.002564102564102564	389
TAG46:1-FA14:1	1	0.002564102564102564	389
TAG46:1-FA16:0	1	0.002564102564102564	389
TAG46:2-FA14:1	1	0.002564102564102564	389
TAG46:2-FA16:0	1	0.002564102564102564	389
TAG46:3-FA18:1	1	0.002564102564102564	389
TAG46:4-FA18:2	1	0.002564102564102564	389
TAG47:0-FA15:0	1	0.002564102564102564	389
TAG47:1-FA14:0	1	0.002564102564102564	389
TAG47:1-FA15:0	1	0.002564102564102564	389
TAG47:2-FA16:1	1	0.002564102564102564	389
TAG48:0-FA18:0	1	0.002564102564102564	389
TAG48:2-FA14:0	1	0.002564102564102564	389
TAG48:3-FA18:3	1	0.002564102564102564	389
TAG49:0-FA15:0	1	0.002564102564102564	389
TAG49:1-FA17:0	1	0.002564102564102564	389
TAG49:2-FA14:0	1	0.002564102564102564	389
TAG50:0-FA14:0	1	0.002564102564102564	389
TAG50:1-FA18:0	1	0.002564102564102564	389
TAG50:4-FA14:0	1	0.002564102564102564	389
TAG50:5-FA18:2	1	0.002564102564102564	389
TAG51:1-FA18:1	1	0.002564102564102564	389
TAG52:3-FA18:0	1	0.002564102564102564	389
TAG52:3-FA20:3	1	0.002564102564102564	389
TAG52:5-FA22:5	1	0.002564102564102564	389
TAG52:6-FA16:0	1	0.002564102564102564	389
TAG52:6-FA18:3	1	0.002564102564102564	389
TAG53:1-FA16:0	1	0.002564102564102564	389
TAG53:1-FA17:0	1	0.002564102564102564	389
TAG53:1-FA18:0	1	0.002564102564102564	389
TAG54:5-FA16:1	1	0.002564102564102564	389
TAG54:5-FA18:0	1	0.002564102564102564	389
TAG54:5-FA20:4	1	0.002564102564102564	389
TAG54:7-FA18:1	1	0.002564102564102564	389
TAG56:6-FA16:0	1	0.002564102564102564	389
TAG56:6-FA18:0	1	0.002564102564102564	389
TAG56:7-FA22:6	1	0.002564102564102564	389
TAG56:8-FA20:5	1	0.002564102564102564	389
(7Z)-Hexadecenoic Acid	0	0.0	390
(S)C(S)S-S-Methylcysteine sulfoxide	0	0.0	390
1,2,3-Propanetricarboxylic acid	0	0.0	390
1-Methylhistidine	0	0.0	390
10-Hydroxydecanoic acid	0	0.0	390
10Z-Heptadecenoic acid	0	0.0	390
10Z-Nonadecenoic acid	0	0.0	390
11-Dodecenoic acid	0	0.0	390
11C,14C-EICOSADIENOIC ACID	0	0.0	390
11Z-Eicosenoic acid	0	0.0	390
12-Dehydrocholic Acid Diacetate	0	0.0	390
12-Ketolithocholic Acid Benzoate, Methyl Ester	0	0.0	390
12-Ketolithocholic acid	0	0.0	390
12-Tridecanoic acid	0	0.0	390
12-hydroxystearic acid	0	0.0	390
13C,16C-DOCOSADIENOIC ACID	0	0.0	390
13tr-Docosenoic Acid	0	0.0	390
2,2-Dimethylsuccinic acid	0	0.0	390
2,3-Diphosphoglyceric acid	0	0.0	390
2,6-Pyridinedicarboxylic acid	0	0.0	390
2-Aminoisobutyric acid	0	0.0	390
2-Deoxyglucose	0	0.0	390
2-Ethylhexanoic acid	0	0.0	390
2-HYDROXY-4-(METHYLTHIO)BUTANOATE	0	0.0	390
2-Hydroxy-2-methylbutyric acid	0	0.0	390
2-Hydroxybutyric acid	0	0.0	390
2-Indolecarboxylic acid	0	0.0	390
2-Methylbenzoic acid	0	0.0	390
2-Methylcitric acid	0	0.0	390
2-Methylheptanoic Acid	0	0.0	390
2-Phenylglycine	0	0.0	390
2-Phenylpropionic acid	0	0.0	390
23-Norcholic Acid	0	0.0	390
23-Norcholic Acid Diacetate	0	0.0	390
23-Nordeoxycholic Acid Diacetate	0	0.0	390
23-Nordeoxycholic Acid Methyl Ester	0	0.0	390
3,3-Dimethylglutaric acid	0	0.0	390
3,4,5-Trimethoxycinnamic acid	0	0.0	390
3,4-Dihydro-2H-1-benzopyran-2-one	0	0.0	390
3,4-Dihydroxybenzaldehyde	0	0.0	390
3,6-Diketocholanic Acid	0	0.0	390
3,6-Diketocholanic Acid Ethyl Ester	0	0.0	390
3,7-Diketocholanic Acid	0	0.0	390
3-Aminosalicylic acid	0	0.0	390
3-Hydroxyanthranilic acid	0	0.0	390
3-Hydroxybutyric acid	0	0.0	390
3-Hydroxyhippuric	0	0.0	390
3-Hydroxyisovaleric acid	0	0.0	390
3-Hydroxyphenylacetic acid	0	0.0	390
3-Indolebutyric acid	0	0.0	390
3-Indoleglyoxylic acid	0	0.0	390
3-Indolepropionic acid	0	0.0	390
3-Methyl-2-oxovaleric acid	0	0.0	390
3-Methyladipic acid	0	0.0	390
3-Methyloxindole	0	0.0	390
3-Nitrotyrosine	0	0.0	390
3-Oxoadipic acid	0	0.0	390
3-Phenylbutyric acid	0	0.0	390
3-Phosphoglyceric acid	0	0.0	390
4-ANDROSTEN-17alpha-OL-3-ONE-17beta-CARBOXYLIC ACID	0	0.0	390
4-Acetamidobutanoic acid	0	0.0	390
4-Aminohippuric acid	0	0.0	390
4-Guanidinobutyric acid	0	0.0	390
4-Hydroxybenzoic acid	0	0.0	390
4-Hydroxycinnamic acid	0	0.0	390
4-Hydroxyphenylpyruvic acid	0	0.0	390
4-Hydroxyproline	0	0.0	390
5-Aminoimidazole-4-carboxamide	0	0.0	390
5Z-Dodecenoic acid	0	0.0	390
5beta-ANDROSTAN-3-ONE-17beta-CARBOXYLIC ACID METHYL ESTER	0	0.0	390
5beta-ANDROSTAN-3alpha-OL-17beta-CARBOXYLIC ACID	0	0.0	390
5beta-ANDROSTAN-3beta-OL-17beta-CARBOXYLIC ACID	0	0.0	390
5beta-CHOLANIC ACID-12alpha-BROMO-3, 11-DIONE METHYL ESTER	0	0.0	390
5beta-CHOLANIC ACID-3alpha, 7alpha, 12alpha-TRIOL 3-ETHOXYCARBONYL, METHYL ESTER	0	0.0	390
5beta-CHOLANIC ACID-3alpha, 7alpha, 12alpha-TRIOL N-(CARBOXYMETHYL)-AMIDE	0	0.0	390
5beta-CHOLANIC ACID-3alpha, 7beta-DIOL N-(CARBOXYMETHYL)-AMIDE	0	0.0	390
7-Dehydrocholic Acid Methyl Ester	0	0.0	390
7-Dehydrocholic acid	0	0.0	390
7-Ketolithocholic Acid Methyl Ester	0	0.0	390
7-Methylguanosine	0	0.0	390
8,11,14-Eicosatrienoic acid	0	0.0	390
8Z,11Z,14Z,17Z-EICOSATETRAENOIC ACID	0	0.0	390
Acesulfame	0	0.0	390
Acetic acid	0	0.0	390
Acetylglycine	0	0.0	390
Adenosine monophosphate	0	0.0	390
Adipic acid	0	0.0	390
Adrenic acid	0	0.0	390
Alanylglutamine	0	0.0	390
Alpha-Linolenic acid	0	0.0	390
Alpha-N-Phenylacetyl-L-glutamine	0	0.0	390
Alpha-ketoisovaleric acid	0	0.0	390
Apocholic Acid	0	0.0	390
Arabinonic acid	0	0.0	390
Aspartame	0	0.0	390
Azelaic acid	0	0.0	390
Beta-Alanine	0	0.0	390
Beta-Hyodeoxycholic Acid	0	0.0	390
Beta-Muricholic Acid	0	0.0	390
Beta-Ursodeoxycholic Acid	0	0.0	390
Betaine	0	0.0	390
Bicine	0	0.0	390
But-2-enoic acid	0	0.0	390
CIS-11,14,17-EICOSATRIENOIC ACID	0	0.0	390
CIS-11-OCTADECENOIC ACID	0	0.0	390
Carnitine(C0)	0	0.0	390
Chenodeoxycholic acid	0	0.0	390
Choleic Acid	0	0.0	390
Cholic Acid	0	0.0	390
Cimetidine	0	0.0	390
Citramalic acid	0	0.0	390
Citric acid	0	0.0	390
Citrulline	0	0.0	390
Cortisone	0	0.0	390
Curcumin	0	0.0	390
Cyclic AMP	0	0.0	390
Cytidine triphosphate	0	0.0	390
D-Arabinose	0	0.0	390
D-Aspartic acid	0	0.0	390
D-Gluconolactone	0	0.0	390
D-Glucose	0	0.0	390
D-Ribulose	0	0.0	390
D-Xylose	0	0.0	390
D-Xylulose	0	0.0	390
DAG 16:0-16:0	0	0.0	390
DAG 16:0-16:1	0	0.0	390
DAG 16:0-18:0	0	0.0	390
DAG 16:0-18:1	0	0.0	390
DAG 16:0-18:2	0	0.0	390
DAG 16:1-18:1	0	0.0	390
DAG 16:1-18:2	0	0.0	390
DAG 18:0-18:0	0	0.0	390
DAG 18:0-18:1	0	0.0	390
DAG 18:0-18:2	0	0.0	390
DAG 18:1-18:1	0	0.0	390
DAG 18:1-18:2	0	0.0	390
DAG 18:1-18:3	0	0.0	390
DAG 18:1-20:1	0	0.0	390
DAG 20:0-20:0	0	0.0	390
DAG 20:0-20:1	0	0.0	390
DAG 20:0-22:1	0	0.0	390
DAG 20:0-22:2	0	0.0	390
DAG 20:1-22:5	0	0.0	390
Decanoic acid	0	0.0	390
Decanoylcarnitine (C10)	0	0.0	390
Dehydroascorbic acid	0	0.0	390
Dehydrocholic Acid	0	0.0	390
Dehydrolithocholic acid	0	0.0	390
Desaminotyrosine	0	0.0	390
Diethyl oxalpropionate	0	0.0	390
Diethyl tartrate	0	0.0	390
Dimethylglycine	0	0.0	390
Dioxolithocholic Acid	0	0.0	390
Docosahexaenoic acid DHA	0	0.0	390
Docosapentaenoic acid DPA	0	0.0	390
Docosatrienoic acid	0	0.0	390
Dodecanedioic acid	0	0.0	390
Dodecanoic acid	0	0.0	390
Edetic Acid	0	0.0	390
Eicosapentaenoic acid EPA	0	0.0	390
Erucic acid	0	0.0	390
Erythronic acid	0	0.0	390
Estriol	0	0.0	390
Etiadienic Acid	0	0.0	390
Etiadienic Acid 3-Acetate	0	0.0	390
Etiadienic Acid Methyl Ester	0	0.0	390
Etienic Acid	0	0.0	390
Etienic Acid Acetate	0	0.0	390
Etodolac	0	0.0	390
Ferulic acid	0	0.0	390
Fumaric acid	0	0.0	390
Galactaric acid	0	0.0	390
Gamma-Aminobutyric acid	0	0.0	390
Gentisic acid	0	0.0	390
Glucaric acid	0	0.0	390
Gluconic acid	0	0.0	390
Glucosamine	0	0.0	390
Glutaric acid	0	0.0	390
Glycerol trihexanoate	0	0.0	390
Glycine	0	0.0	390
Glycochenodeoxycholic acid	0	0.0	390
Glycocholic acid	0	0.0	390
Glycodehydrocholic Acid	0	0.0	390
Glycodeoxycholic acid	0	0.0	390
Glycohyodeoxycholic Acid	0	0.0	390
Glycolic acid	0	0.0	390
Glycoursodeoxycholic acid	0	0.0	390
Glycylvaline	0	0.0	390
Glyoxylic acid	0	0.0	390
Guanosine monophosphate	0	0.0	390
Heneicosanoic acid	0	0.0	390
Heptacosanoic acid	0	0.0	390
Hippuric acid	0	0.0	390
Homoveratric acid	0	0.0	390
Hydrocinnamic acid	0	0.0	390
Hydroretrocortine	0	0.0	390
Hydroxyisocaproic acid	0	0.0	390
Hydroxyoctanoic acid	0	0.0	390
Hydroxyphenyllactic acid	0	0.0	390
Hyocholic acid	0	0.0	390
Hyodeoxycholic acid	0	0.0	390
ISOALLOLITHOCHOLIC ACID	0	0.0	390
Indole-3-carboxaldehyde	0	0.0	390
Indoleacrylic acid	0	0.0	390
Indolepyruvate	0	0.0	390
Inosine	0	0.0	390
Isocitric acid	0	0.0	390
Isomaltose	0	0.0	390
Isovalerylglycine	0	0.0	390
Isovelarylcarnitine	0	0.0	390
Itaconic acid	0	0.0	390
Ketoleucine	0	0.0	390
Kynurenic acid	0	0.0	390
L-Acetylcarnitine	0	0.0	390
L-Alanine	0	0.0	390
L-Alpha-aminobutyric acid	0	0.0	390
L-Arginine	0	0.0	390
L-Asparagine	0	0.0	390
L-Cysteic acid	0	0.0	390
L-Glutamine	0	0.0	390
L-Gulonolactone	0	0.0	390
L-Histidine	0	0.0	390
L-Homoarginine	0	0.0	390
L-Homocitrulline	0	0.0	390
L-Kynurenine	0	0.0	390
L-Lysine	0	0.0	390
L-Methionine	0	0.0	390
L-Phenylalanine	0	0.0	390
L-Pipecolic acid	0	0.0	390
L-Proline	0	0.0	390
L-Serine	0	0.0	390
L-Sorbose	0	0.0	390
L-Tryptophan	0	0.0	390
LPC 14:0	0	0.0	390
LPC 16:0	0	0.0	390
LPC 16:1	0	0.0	390
LPC 18:0	0	0.0	390
LPC 18:1	0	0.0	390
LPC 18:2	0	0.0	390
LPC 18:3	0	0.0	390
LPC 20:1	0	0.0	390
LPC 20:4	0	0.0	390
LPC 20:5	0	0.0	390
Lactulose	0	0.0	390
Lauroylcarnitine	0	0.0	390
Leucyl-Glycine	0	0.0	390
Linolelaidic acid	0	0.0	390
Lithocholenic Acid	0	0.0	390
Lithocholic Acid Acetate	0	0.0	390
Lithocholic acid	0	0.0	390
Maleic acid	0	0.0	390
Malonylcarnitine	0	0.0	390
Mandelic acid	0	0.0	390
Medroxyprogesterone	0	0.0	390
Melibiose	0	0.0	390
Menadione	0	0.0	390
Methylglutaric acid	0	0.0	390
Monomethyl glutaric acid	0	0.0	390
Murocholic acid	0	0.0	390
Myristelaidic acid	0	0.0	390
Myristic acid	0	0.0	390
Myristoleic acid	0	0.0	390
Myristoylcarnitine	0	0.0	390
N,N-Dimethyl-L-Valine	0	0.0	390
N-Acetyl-D-glucosamine	0	0.0	390
N-Acetyl-L-alanine	0	0.0	390
N-Acetyl-L-aspartic acid	0	0.0	390
N-Acetyl-L-histidine	0	0.0	390
N-Acetyl-L-methionine	0	0.0	390
N-Acetylglutamine	0	0.0	390
N-Acetylleucine	0	0.0	390
N-Acetylornithine	0	0.0	390
N-Acetylproline	0	0.0	390
N-Methyl-D-aspartic acid	0	0.0	390
N-Methylnicotinamide	0	0.0	390
N-Phenylacetylphenylalanine	0	0.0	390
N-a-Acetyl-L-arginine	0	0.0	390
N-acetyltryptophan	0	0.0	390
N-carbamoylglutamic Acid	0	0.0	390
NANA	0	0.0	390
Nordeoxycholic Acid	0	0.0	390
O-Adipoylcarnitine	0	0.0	390
O-Phosphoryl-ethanolamine	0	0.0	390
Oleoylcarnitine	0	0.0	390
Ortho-Hydroxyphenylacetic acid	0	0.0	390
Oxalic acid	0	0.0	390
Oxoadipic acid	0	0.0	390
Oxoglutaric acid	0	0.0	390
PC 20:3-20:4	0	0.0	390
PI 16:0-18:2	0	0.0	390
Palmitelaidic acid	0	0.0	390
Palmitoleic acid	0	0.0	390
Palmitoylcarnitine	0	0.0	390
Petroselinic acid	0	0.0	390
Phenylglyoxylic acid	0	0.0	390
Phenyllactic acid	0	0.0	390
Phenylpyrivic acid	0	0.0	390
Phosphoserine	0	0.0	390
Phthalic acid	0	0.0	390
Pimelic acid	0	0.0	390
Piperine	0	0.0	390
Pregnenolone	0	0.0	390
Propanoic acid	0	0.0	390
Propionylcarnitine	0	0.0	390
Protocatechuic acid	0	0.0	390
Pyridoxal 5'-phosphate	0	0.0	390
Quinolinic acid	0	0.0	390
Retinal	0	0.0	390
Ribitol	0	0.0	390
Ricinoleic acid	0	0.0	390
S-Allylcysteine	0	0.0	390
S-Carboxymethyl-L-cysteine	0	0.0	390
Salicyluric acid	0	0.0	390
Sarcosine	0	0.0	390
Sebacic acid	0	0.0	390
Selenomethionine	0	0.0	390
Shikimic acid	0	0.0	390
Stearylcarnitine(C18)	0	0.0	390
Syringic acid	0	0.0	390
TAG42:1-FA14:0	0	0.0	390
TAG42:1-FA16:0	0	0.0	390
TAG42:1-FA18:1	0	0.0	390
TAG44:2-FA18:2	0	0.0	390
TAG45:1-FA15:0	0	0.0	390
TAG46:0-FA14:0	0	0.0	390
TAG46:0-FA16:0	0	0.0	390
TAG46:2-FA16:1	0	0.0	390
TAG46:3-FA14:1	0	0.0	390
TAG46:3-FA16:1	0	0.0	390
TAG46:3-FA18:2	0	0.0	390
TAG47:0-FA17:0	0	0.0	390
TAG48:0-FA16:0	0	0.0	390
TAG48:1-FA16:0	0	0.0	390
TAG48:1-FA16:1	0	0.0	390
TAG48:2-FA14:1	0	0.0	390
TAG48:2-FA16:0	0	0.0	390
TAG48:2-FA16:1	0	0.0	390
TAG48:2-FA18:1	0	0.0	390
TAG48:2-FA18:2	0	0.0	390
TAG48:3-FA14:0	0	0.0	390
TAG48:3-FA14:1	0	0.0	390
TAG48:3-FA16:0	0	0.0	390
TAG48:3-FA16:1	0	0.0	390
TAG48:3-FA18:1	0	0.0	390
TAG48:3-FA18:2	0	0.0	390
TAG48:4-FA14:1	0	0.0	390
TAG48:4-FA16:1	0	0.0	390
TAG48:4-FA18:2	0	0.0	390
TAG48:4-FA18:3	0	0.0	390
TAG49:0-FA16:0	0	0.0	390
TAG49:0-FA17:0	0	0.0	390
TAG49:1-FA15:0	0	0.0	390
TAG49:1-FA16:0	0	0.0	390
TAG49:1-FA16:1	0	0.0	390
TAG49:1-FA18:1	0	0.0	390
TAG49:2-FA15:0	0	0.0	390
TAG49:2-FA16:0	0	0.0	390
TAG49:2-FA16:1	0	0.0	390
TAG49:2-FA17:0	0	0.0	390
TAG49:2-FA18:1	0	0.0	390
TAG49:2-FA18:2	0	0.0	390
TAG49:3-FA15:0	0	0.0	390
TAG49:3-FA16:1	0	0.0	390
TAG49:3-FA18:2	0	0.0	390
TAG50:0-FA18:0	0	0.0	390
TAG50:1-FA16:0	0	0.0	390
TAG50:1-FA18:1	0	0.0	390
TAG50:2-FA14:0	0	0.0	390
TAG50:2-FA16:0	0	0.0	390
TAG50:2-FA16:1	0	0.0	390
TAG50:2-FA18:1	0	0.0	390
TAG50:2-FA18:2	0	0.0	390
TAG50:3-FA14:0	0	0.0	390
TAG50:3-FA14:1	0	0.0	390
TAG50:3-FA16:0	0	0.0	390
TAG50:3-FA16:1	0	0.0	390
TAG50:3-FA18:1	0	0.0	390
TAG50:3-FA18:2	0	0.0	390
TAG50:4-FA14:1	0	0.0	390
TAG50:4-FA16:1	0	0.0	390
TAG50:4-FA18:1	0	0.0	390
TAG50:4-FA18:2	0	0.0	390
TAG50:5-FA18:3	0	0.0	390
TAG51:1-FA16:0	0	0.0	390
TAG51:1-FA17:0	0	0.0	390
TAG51:2-FA15:0	0	0.0	390
TAG51:2-FA16:0	0	0.0	390
TAG51:2-FA16:1	0	0.0	390
TAG51:2-FA17:0	0	0.0	390
TAG51:2-FA18:1	0	0.0	390
TAG51:2-FA18:2	0	0.0	390
TAG51:3-FA15:0	0	0.0	390
TAG51:3-FA16:1	0	0.0	390
TAG51:3-FA17:0	0	0.0	390
TAG51:3-FA18:2	0	0.0	390
TAG51:4-FA16:1	0	0.0	390
TAG51:4-FA18:2	0	0.0	390
TAG52:0-FA20:0	0	0.0	390
TAG52:2-FA16:0	0	0.0	390
TAG52:2-FA18:0	0	0.0	390
TAG52:2-FA18:1	0	0.0	390
TAG52:2-FA20:2	0	0.0	390
TAG52:3-FA14:0	0	0.0	390
TAG52:3-FA16:0	0	0.0	390
TAG52:3-FA16:1	0	0.0	390
TAG52:3-FA18:1	0	0.0	390
TAG52:3-FA18:2	0	0.0	390
TAG52:3-FA20:1	0	0.0	390
TAG52:3-FA20:2	0	0.0	390
TAG52:4-FA16:0	0	0.0	390
TAG52:4-FA16:1	0	0.0	390
TAG52:4-FA18:1	0	0.0	390
TAG52:4-FA18:2	0	0.0	390
TAG52:4-FA18:3	0	0.0	390
TAG52:4-FA20:3	0	0.0	390
TAG52:5-FA16:0	0	0.0	390
TAG52:5-FA16:1	0	0.0	390
TAG52:5-FA18:1	0	0.0	390
TAG52:5-FA18:2	0	0.0	390
TAG52:5-FA18:3	0	0.0	390
TAG53:0-FA16:0	0	0.0	390
TAG54:0-FA16:0	0	0.0	390
TAG54:0-FA18:0	0	0.0	390
TAG54:3-FA20:1	0	0.0	390
TAG54:3-FA20:2	0	0.0	390
TAG54:4-FA16:0	0	0.0	390
TAG54:4-FA16:1	0	0.0	390
TAG54:4-FA18:0	0	0.0	390
TAG54:4-FA18:1	0	0.0	390
TAG54:4-FA18:2	0	0.0	390
TAG54:4-FA18:3	0	0.0	390
TAG54:4-FA20:2	0	0.0	390
TAG54:4-FA20:3	0	0.0	390
TAG54:5-FA18:1	0	0.0	390
TAG54:5-FA18:2	0	0.0	390
TAG54:5-FA18:3	0	0.0	390
TAG54:5-FA20:3	0	0.0	390
TAG54:6-FA18:1	0	0.0	390
TAG54:6-FA18:2	0	0.0	390
TAG54:6-FA18:3	0	0.0	390
TAG54:7-FA18:2	0	0.0	390
TAG54:7-FA18:3	0	0.0	390
TAG54:8-FA18:2	0	0.0	390
TAG54:8-FA18:3	0	0.0	390
TAG56:10-FA18:2	0	0.0	390
TAG56:2-FA16:0	0	0.0	390
TAG56:2-FA20:0	0	0.0	390
TAG58:3-FA18:1	0	0.0	390
Tartaric acid	0	0.0	390
Tauro-omega-Muricholic Acid	0	0.0	390
Taurochenodeoxycholic Acid	0	0.0	390
Taurocholic acid	0	0.0	390
Taurocyamine	0	0.0	390
Taurohyodeoxycholic Acid	0	0.0	390
Tetradecanedioic acid	0	0.0	390
Tranexamic Acid	0	0.0	390
Traumatic acid	0	0.0	390
Tridecanoic acid	0	0.0	390
Undecanoic acid	0	0.0	390
Undecylenic acid	0	0.0	390
Ureidosuccinic acid	0	0.0	390
Uridine 5'-monophosphate	0	0.0	390
Urocanic acid	0	0.0	390
Ursocholic Acid	0	0.0	390
Ursodeoxycholic acid	0	0.0	390
Valeric acid	0	0.0	390
Vanillic acid	0	0.0	390
Vanillymandelic Acid	0	0.0	390
Xanthurenic acid	0	0.0	390
all-trans-Retinoic acid	0	0.0	390
alpha-Hydroxyisobutyric acid	0	0.0	390
beta-(m-Hydroxyphenyl)hydracrylic Acid	0	0.0	390
beta-Glycerophosphoric acid	0	0.0	390
cis,cis-Muconic acid	0	0.0	390
cis-4-Hydroxy-D-proline	0	0.0	390
m-Coumaric acid	0	0.0	390
myo-Inositol	0	0.0	390
p-Hydroxymandelic acid	0	0.0	390
p-Hydroxyphenylacetic acid	0	0.0	390
s-(5'-Adenosyl)-L-homocysteine	0	0.0	390
trans-Vaccenic acid	0	0.0	390
