E-B21100458292-4_E-B21100458292-4	E-B21100458292
E-B21103279967-4_E-B21103279967-4	E-B21103279967
E-B21105477143-4_E-B21105477143-4	E-B21105477143
E-B21106356138-4_E-B21106356138-4	E-B21106356138
E-B21106792844-4_E-B21106792844-4	E-B21106792844
E-B21107799305-4_E-B21107799305-4	E-B21107799305
E-B21108122365-4_E-B21108122365-4	E-B21108122365
E-B21116522625-4_E-B21116522625-4	E-B21116522625
E-B21116844489-4_E-B21116844489-4	E-B21116844489
E-B21122061361-4_E-B21122061361-4	E-B21122061361
E-B21122745065-4_E-B21122745065-4	E-B21122745065
E-B21124786774-4_E-B21124786774-4	E-B21124786774
E-B21127228372-4_E-B21127228372-4	E-B21127228372
E-B21128500313-4_E-B21128500313-4	E-B21128500313
E-B21131192609-4_E-B21131192609-4	E-B21131192609
E-B21133356716-4_E-B21133356716-4	E-B21133356716
E-B21133453253-4_E-B21133453253-4	E-B21133453253
E-B21134781493-4_E-B21134781493-4	E-B21134781493
E-B21135950661-4_E-B21135950661-4	E-B21135950661
E-B21137021911-4_E-B21137021911-4	E-B21137021911
E-B21137701242-4_E-B21137701242-4	E-B21137701242
E-B21137756657-4_E-B21137756657-4	E-B21137756657
E-B21138348186-4_E-B21138348186-4	E-B21138348186
E-B21138997257-4_E-B21138997257-4	E-B21138997257
E-B21141858405-4_E-B21141858405-4	E-B21141858405
E-B21148130016-4_E-B21148130016-4	E-B21148130016
E-B21149562361-4_E-B21149562361-4	E-B21149562361
E-B21150574027-4_E-B21150574027-4	E-B21150574027
E-B21150667090-4_E-B21150667090-4	E-B21150667090
E-B21151849451-4_E-B21151849451-4	E-B21151849451
E-B21152177791-4_E-B21152177791-4	E-B21152177791
E-B21152434265-4_E-B21152434265-4	E-B21152434265
E-B21155258684-4_E-B21155258684-4	E-B21155258684
E-B21159872779-4_E-B21159872779-4	E-B21159872779
E-B21160434320-4_E-B21160434320-4	E-B21160434320
E-B21162331067-4_E-B21162331067-4	E-B21162331067
E-B21163075334-4_E-B21163075334-4	E-B21163075334
E-B21163099843-4_E-B21163099843-4	E-B21163099843
E-B21166641617-4_E-B21166641617-4	E-B21166641617
E-B21167235703-4_E-B21167235703-4	E-B21167235703
E-B21168683739-4_E-B21168683739-4	E-B21168683739
E-B21169057841-4_E-B21169057841-4	E-B21169057841
E-B21171911158-4_E-B21171911158-4	E-B21171911158
E-B21173961656-4_E-B21173961656-4	E-B21173961656
E-B21174966990-4_E-B21174966990-4	E-B21174966990
E-B21179616633-4_E-B21179616633-4	E-B21179616633
E-B21179925970-4_E-B21179925970-4	E-B21179925970
E-B21180607761-4_E-B21180607761-4	E-B21180607761
E-B21182908058-4_E-B21182908058-4	E-B21182908058
E-B21185428634-4_E-B21185428634-4	E-B21185428634
E-B21190428668-4_E-B21190428668-4	E-B21190428668
E-B21192066388-4_E-B21192066388-4	E-B21192066388
E-B21194853762-4_E-B21194853762-4	E-B21194853762
E-B21201215065-4_E-B21201215065-4	E-B21201215065
E-B21201484985-4_E-B21201484985-4	E-B21201484985
E-B21202409408-4_E-B21202409408-4	E-B21202409408
E-B21205290177-4_E-B21205290177-4	E-B21205290177
E-B21207297460-4_E-B21207297460-4	E-B21207297460
E-B21210034551-4_E-B21210034551-4	E-B21210034551
E-B21211982322-4_E-B21211982322-4	E-B21211982322
E-B21214273883-4_E-B21214273883-4	E-B21214273883
E-B21220131235-4_E-B21220131235-4	E-B21220131235
E-B21225809562-4_E-B21225809562-4	E-B21225809562
E-B21227731110-4_E-B21227731110-4	E-B21227731110
E-B21229464558-4_E-B21229464558-4	E-B21229464558
E-B21229854160-4_E-B21229854160-4	E-B21229854160
E-B21230902494-4_E-B21230902494-4	E-B21230902494
E-B21236701734-4_E-B21236701734-4	E-B21236701734
E-B21239292132-4_E-B21239292132-4	E-B21239292132
E-B21240580048-4_E-B21240580048-4	E-B21240580048
E-B21241846855-4_E-B21241846855-4	E-B21241846855
E-B21242082624-4_E-B21242082624-4	E-B21242082624
E-B21244819307-4_E-B21244819307-4	E-B21244819307
E-B21253393636-4_E-B21253393636-4	E-B21253393636
E-B21253625595-4_E-B21253625595-4	E-B21253625595
E-B21255010056-4_E-B21255010056-4	E-B21255010056
E-B21255238515-4_E-B21255238515-4	E-B21255238515
E-B21259823550-4_E-B21259823550-4	E-B21259823550
E-B21261049949-4_E-B21261049949-4	E-B21261049949
E-B21262618448-4_E-B21262618448-4	E-B21262618448
E-B21263007204-4_E-B21263007204-4	E-B21263007204
E-B21263701036-4_E-B21263701036-4	E-B21263701036
E-B21268678095-4_E-B21268678095-4	E-B21268678095
E-B21269925805-4_E-B21269925805-4	E-B21269925805
E-B21274040682-4_E-B21274040682-4	E-B21274040682
E-B21275223894-4_E-B21275223894-4	E-B21275223894
E-B21277213886-4_E-B21277213886-4	E-B21277213886
E-B21283156366-4_E-B21283156366-4	E-B21283156366
E-B21284037949-4_E-B21284037949-4	E-B21284037949
E-B21285177443-4_E-B21285177443-4	E-B21285177443
E-B21285989084-4_E-B21285989084-4	E-B21285989084
E-B21286514805-4_E-B21286514805-4	E-B21286514805
E-B21287916819-4_E-B21287916819-4	E-B21287916819
E-B21290026239-4_E-B21290026239-4	E-B21290026239
E-B21293909848-4_E-B21293909848-4	E-B21293909848
E-B21294278768-4_E-B21294278768-4	E-B21294278768
E-B21295045226-4_E-B21295045226-4	E-B21295045226
E-B21296798284-4_E-B21296798284-4	E-B21296798284
E-B21296979785-4_E-B21296979785-4	E-B21296979785
E-B21297511929-4_E-B21297511929-4	E-B21297511929
E-B21300356149-4_E-B21300356149-4	E-B21300356149
E-B21301186145-4_E-B21301186145-4	E-B21301186145
E-B21302291896-4_E-B21302291896-4	E-B21302291896
E-B21302647008-4_E-B21302647008-4	E-B21302647008
E-B21308192738-4_E-B21308192738-4	E-B21308192738
E-B21310609085-4_E-B21310609085-4	E-B21310609085
E-B21314371588-4_E-B21314371588-4	E-B21314371588
E-B21314968305-4_E-B21314968305-4	E-B21314968305
E-B21318650322-4_E-B21318650322-4	E-B21318650322
E-B21325448328-4_E-B21325448328-4	E-B21325448328
E-B21329853502-4_E-B21329853502-4	E-B21329853502
E-B21333835880-4_E-B21333835880-4	E-B21333835880
E-B21334831062-4_E-B21334831062-4	E-B21334831062
E-B21346218869-4_E-B21346218869-4	E-B21346218869
E-B21357869945-4_E-B21357869945-4	E-B21357869945
E-B21358717623-4_E-B21358717623-4	E-B21358717623
E-B21361218662-4_E-B21361218662-4	E-B21361218662
E-B21362292545-4_E-B21362292545-4	E-B21362292545
E-B21367806511-4_E-B21367806511-4	E-B21367806511
E-B21367972125-4_E-B21367972125-4	E-B21367972125
E-B21368830052-4_E-B21368830052-4	E-B21368830052
E-B21371693440-4_E-B21371693440-4	E-B21371693440
E-B21371944134-4_E-B21371944134-4	E-B21371944134
E-B21375219212-4_E-B21375219212-4	E-B21375219212
E-B21377265271-4_E-B21377265271-4	E-B21377265271
E-B21382422859-4_E-B21382422859-4	E-B21382422859
E-B21383512618-4_E-B21383512618-4	E-B21383512618
E-B21385192412-4_E-B21385192412-4	E-B21385192412
E-B21385638576-4_E-B21385638576-4	E-B21385638576
E-B21386411661-4_E-B21386411661-4	E-B21386411661
E-B21386838548-4_E-B21386838548-4	E-B21386838548
E-B21387871911-4_E-B21387871911-4	E-B21387871911
E-B21389106445-4_E-B21389106445-4	E-B21389106445
E-B21390478333-4_E-B21390478333-4	E-B21390478333
E-B21391822639-4_E-B21391822639-4	E-B21391822639
E-B21394743351-4_E-B21394743351-4	E-B21394743351
E-B21396627821-4_E-B21396627821-4	E-B21396627821
E-B21399753877-4_E-B21399753877-4	E-B21399753877
E-B21402771864-4_E-B21402771864-4	E-B21402771864
E-B21402933200-4_E-B21402933200-4	E-B21402933200
E-B21406315851-4_E-B21406315851-4	E-B21406315851
E-B21407639774-4_E-B21407639774-4	E-B21407639774
E-B21408420883-4_E-B21408420883-4	E-B21408420883
E-B21409666675-4_E-B21409666675-4	E-B21409666675
E-B21413305656-4_E-B21413305656-4	E-B21413305656
E-B21414480170-4_E-B21414480170-4	E-B21414480170
E-B21417328082-4_E-B21417328082-4	E-B21417328082
E-B21418929429-4_E-B21418929429-4	E-B21418929429
E-B21419995415-4_E-B21419995415-4	E-B21419995415
E-B21420086240-4_E-B21420086240-4	E-B21420086240
E-B21420243475-4_E-B21420243475-4	E-B21420243475
E-B21420773416-4_E-B21420773416-4	E-B21420773416
E-B21421146850-4_E-B21421146850-4	E-B21421146850
E-B21421644510-4_E-B21421644510-4	E-B21421644510
E-B21424012738-4_E-B21424012738-4	E-B21424012738
E-B21426994000-4_E-B21426994000-4	E-B21426994000
E-B21427591877-4_E-B21427591877-4	E-B21427591877
E-B21428637601-4_E-B21428637601-4	E-B21428637601
E-B21430404319-4_E-B21430404319-4	E-B21430404319
E-B21433749680-4_E-B21433749680-4	E-B21433749680
E-B21433880158-4_E-B21433880158-4	E-B21433880158
E-B21433895427-4_E-B21433895427-4	E-B21433895427
E-B21438037235-4_E-B21438037235-4	E-B21438037235
E-B21440544148-4_E-B21440544148-4	E-B21440544148
E-B21444785820-4_E-B21444785820-4	E-B21444785820
E-B21446062078-4_E-B21446062078-4	E-B21446062078
E-B21447084242-4_E-B21447084242-4	E-B21447084242
E-B21447822141-4_E-B21447822141-4	E-B21447822141
E-B21449066175-4_E-B21449066175-4	E-B21449066175
E-B21449648255-4_E-B21449648255-4	E-B21449648255
E-B21452469585-4_E-B21452469585-4	E-B21452469585
E-B21453691670-4_E-B21453691670-4	E-B21453691670
E-B21454468614-4_E-B21454468614-4	E-B21454468614
E-B21455301791-4_E-B21455301791-4	E-B21455301791
E-B21457895523-4_E-B21457895523-4	E-B21457895523
E-B21457997859-4_E-B21457997859-4	E-B21457997859
E-B21460947662-4_E-B21460947662-4	E-B21460947662
E-B21466030675-4_E-B21466030675-4	E-B21466030675
E-B21466469373-4_E-B21466469373-4	E-B21466469373
E-B21467205381-4_E-B21467205381-4	E-B21467205381
E-B21467889638-4_E-B21467889638-4	E-B21467889638
E-B21470973392-4_E-B21470973392-4	E-B21470973392
E-B21476217167-4_E-B21476217167-4	E-B21476217167
E-B21477791045-4_E-B21477791045-4	E-B21477791045
E-B21478717917-4_E-B21478717917-4	E-B21478717917
E-B21479517015-4_E-B21479517015-4	E-B21479517015
E-B21480453388-4_E-B21480453388-4	E-B21480453388
E-B21480960495-4_E-B21480960495-4	E-B21480960495
E-B21481266996-4_E-B21481266996-4	E-B21481266996
E-B21482454647-4_E-B21482454647-4	E-B21482454647
E-B21488954411-4_E-B21488954411-4	E-B21488954411
E-B21489036353-4_E-B21489036353-4	E-B21489036353
E-B21489199949-4_E-B21489199949-4	E-B21489199949
E-B21489570245-4_E-B21489570245-4	E-B21489570245
E-B21490039357-4_E-B21490039357-4	E-B21490039357
E-B21490917409-4_E-B21490917409-4	E-B21490917409
E-B21492274168-4_E-B21492274168-4	E-B21492274168
E-B21493837466-4_E-B21493837466-4	E-B21493837466
E-B21496920905-4_E-B21496920905-4	E-B21496920905
E-B21499437311-4_E-B21499437311-4	E-B21499437311
E-B21504440148-4_E-B21504440148-4	E-B21504440148
E-B21506552439-4_E-B21506552439-4	E-B21506552439
E-B21508242046-4_E-B21508242046-4	E-B21508242046
E-B21509075631-4_E-B21509075631-4	E-B21509075631
E-B21509135998-4_E-B21509135998-4	E-B21509135998
E-B21510230829-4_E-B21510230829-4	E-B21510230829
E-B21511978520-4_E-B21511978520-4	E-B21511978520
E-B21512992338-4_E-B21512992338-4	E-B21512992338
E-B21519886974-4_E-B21519886974-4	E-B21519886974
E-B21520587663-4_E-B21520587663-4	E-B21520587663
E-B21521698918-4_E-B21521698918-4	E-B21521698918
E-B21526035717-4_E-B21526035717-4	E-B21526035717
E-B21528639605-4_E-B21528639605-4	E-B21528639605
E-B21529603902-4_E-B21529603902-4	E-B21529603902
E-B21530226372-4_E-B21530226372-4	E-B21530226372
E-B21531296689-4_E-B21531296689-4	E-B21531296689
E-B21533914923-4_E-B21533914923-4	E-B21533914923
E-B21535686185-4_E-B21535686185-4	E-B21535686185
E-B21536696547-4_E-B21536696547-4	E-B21536696547
E-B21537273417-4_E-B21537273417-4	E-B21537273417
E-B21539481810-4_E-B21539481810-4	E-B21539481810
E-B21539538695-4_E-B21539538695-4	E-B21539538695
E-B21539677516-4_E-B21539677516-4	E-B21539677516
E-B21540551243-4_E-B21540551243-4	E-B21540551243
E-B21541289869-4_E-B21541289869-4	E-B21541289869
E-B21541797248-4_E-B21541797248-4	E-B21541797248
E-B21544788554-4_E-B21544788554-4	E-B21544788554
E-B21545943198-4_E-B21545943198-4	E-B21545943198
E-B21545965746-4_E-B21545965746-4	E-B21545965746
E-B21547826835-4_E-B21547826835-4	E-B21547826835
E-B21549069807-4_E-B21549069807-4	E-B21549069807
E-B21552483055-4_E-B21552483055-4	E-B21552483055
E-B21554587129-4_E-B21554587129-4	E-B21554587129
E-B21558194771-4_E-B21558194771-4	E-B21558194771
E-B21558730231-4_E-B21558730231-4	E-B21558730231
E-B21559280278-4_E-B21559280278-4	E-B21559280278
E-B21560493845-4_E-B21560493845-4	E-B21560493845
E-B21560995039-4_E-B21560995039-4	E-B21560995039
E-B21562801671-4_E-B21562801671-4	E-B21562801671
E-B21563343986-4_E-B21563343986-4	E-B21563343986
E-B21564094313-4_E-B21564094313-4	E-B21564094313
E-B21564294836-4_E-B21564294836-4	E-B21564294836
E-B21567528994-4_E-B21567528994-4	E-B21567528994
E-B21568779163-4_E-B21568779163-4	E-B21568779163
E-B21569190078-4_E-B21569190078-4	E-B21569190078
E-B21570704950-4_E-B21570704950-4	E-B21570704950
E-B21574116910-4_E-B21574116910-4	E-B21574116910
E-B21574133918-4_E-B21574133918-4	E-B21574133918
E-B21576997531-4_E-B21576997531-4	E-B21576997531
E-B21577828083-4_E-B21577828083-4	E-B21577828083
E-B21579548996-4_E-B21579548996-4	E-B21579548996
E-B21585990783-4_E-B21585990783-4	E-B21585990783
E-B21586426600-4_E-B21586426600-4	E-B21586426600
E-B21588672872-4_E-B21588672872-4	E-B21588672872
E-B21588840828-4_E-B21588840828-4	E-B21588840828
E-B21588850051-4_E-B21588850051-4	E-B21588850051
E-B21590008295-4_E-B21590008295-4	E-B21590008295
E-B21590292590-4_E-B21590292590-4	E-B21590292590
E-B21590789424-4_E-B21590789424-4	E-B21590789424
E-B21593780407-4_E-B21593780407-4	E-B21593780407
E-B21594245683-4_E-B21594245683-4	E-B21594245683
E-B21598323236-4_E-B21598323236-4	E-B21598323236
E-B21598744401-4_E-B21598744401-4	E-B21598744401
E-B21602062993-4_E-B21602062993-4	E-B21602062993
E-B21603380264-4_E-B21603380264-4	E-B21603380264
E-B21604260577-4_E-B21604260577-4	E-B21604260577
E-B21605161669-4_E-B21605161669-4	E-B21605161669
E-B21611863459-4_E-B21611863459-4	E-B21611863459
E-B21611921837-4_E-B21611921837-4	E-B21611921837
E-B21611960813-4_E-B21611960813-4	E-B21611960813
E-B21612649770-4_E-B21612649770-4	E-B21612649770
E-B21612987786-4_E-B21612987786-4	E-B21612987786
E-B21614189563-4_E-B21614189563-4	E-B21614189563
E-B21614221856-4_E-B21614221856-4	E-B21614221856
E-B21618109591-4_E-B21618109591-4	E-B21618109591
E-B21618806076-4_E-B21618806076-4	E-B21618806076
E-B21622568877-4_E-B21622568877-4	E-B21622568877
E-B21624628397-4_E-B21624628397-4	E-B21624628397
E-B21628360393-4_E-B21628360393-4	E-B21628360393
E-B21628429241-4_E-B21628429241-4	E-B21628429241
E-B21631442804-4_E-B21631442804-4	E-B21631442804
E-B21633179762-4_E-B21633179762-4	E-B21633179762
E-B21634442851-4_E-B21634442851-4	E-B21634442851
E-B21635821011-4_E-B21635821011-4	E-B21635821011
E-B21637586554-4_E-B21637586554-4	E-B21637586554
E-B21638891475-4_E-B21638891475-4	E-B21638891475
E-B21643139119-4_E-B21643139119-4	E-B21643139119
E-B21643748171-4_E-B21643748171-4	E-B21643748171
E-B21644375343-4_E-B21644375343-4	E-B21644375343
E-B21645969768-4_E-B21645969768-4	E-B21645969768
E-B21647045540-4_E-B21647045540-4	E-B21647045540
E-B21652200560-4_E-B21652200560-4	E-B21652200560
E-B21655949255-4_E-B21655949255-4	E-B21655949255
E-B21656085785-4_E-B21656085785-4	E-B21656085785
E-B21658522466-4_E-B21658522466-4	E-B21658522466
E-B21659453254-4_E-B21659453254-4	E-B21659453254
E-B21660300091-4_E-B21660300091-4	E-B21660300091
E-B21663052133-4_E-B21663052133-4	E-B21663052133
E-B21666151206-4_E-B21666151206-4	E-B21666151206
E-B21666165505-4_E-B21666165505-4	E-B21666165505
E-B21668307422-4_E-B21668307422-4	E-B21668307422
E-B21668406385-4_E-B21668406385-4	E-B21668406385
E-B21672487751-4_E-B21672487751-4	E-B21672487751
E-B21672724169-4_E-B21672724169-4	E-B21672724169
E-B21678902021-4_E-B21678902021-4	E-B21678902021
E-B21681728186-4_E-B21681728186-4	E-B21681728186
E-B21694489992-4_E-B21694489992-4	E-B21694489992
E-B21696276791-4_E-B21696276791-4	E-B21696276791
E-B21697788806-4_E-B21697788806-4	E-B21697788806
E-B21698275649-4_E-B21698275649-4	E-B21698275649
E-B21700277504-4_E-B21700277504-4	E-B21700277504
E-B21703620342-4_E-B21703620342-4	E-B21703620342
E-B21703926764-4_E-B21703926764-4	E-B21703926764
E-B21705329185-4_E-B21705329185-4	E-B21705329185
E-B21705441556-4_E-B21705441556-4	E-B21705441556
E-B21707525673-4_E-B21707525673-4	E-B21707525673
E-B21707591244-4_E-B21707591244-4	E-B21707591244
E-B21710128221-4_E-B21710128221-4	E-B21710128221
E-B21711930054-4_E-B21711930054-4	E-B21711930054
E-B21712635155-4_E-B21712635155-4	E-B21712635155
E-B21714946172-4_E-B21714946172-4	E-B21714946172
E-B21719419354-4_E-B21719419354-4	E-B21719419354
E-B21722086841-4_E-B21722086841-4	E-B21722086841
E-B21723757676-4_E-B21723757676-4	E-B21723757676
E-B21725075587-4_E-B21725075587-4	E-B21725075587
E-B21726536546-4_E-B21726536546-4	E-B21726536546
E-B21731593325-4_E-B21731593325-4	E-B21731593325
E-B21733167679-4_E-B21733167679-4	E-B21733167679
E-B21733440415-4_E-B21733440415-4	E-B21733440415
E-B21737294032-4_E-B21737294032-4	E-B21737294032
E-B21738878772-4_E-B21738878772-4	E-B21738878772
E-B21739431685-4_E-B21739431685-4	E-B21739431685
E-B21739887515-4_E-B21739887515-4	E-B21739887515
E-B21740836515-4_E-B21740836515-4	E-B21740836515
E-B21741071513-4_E-B21741071513-4	E-B21741071513
E-B21746330325-4_E-B21746330325-4	E-B21746330325
E-B21750204014-4_E-B21750204014-4	E-B21750204014
E-B21752478400-4_E-B21752478400-4	E-B21752478400
E-B21755167429-4_E-B21755167429-4	E-B21755167429
E-B21756211906-4_E-B21756211906-4	E-B21756211906
E-B21756686575-4_E-B21756686575-4	E-B21756686575
E-B21757798493-4_E-B21757798493-4	E-B21757798493
E-B21764684103-4_E-B21764684103-4	E-B21764684103
E-B21768538786-4_E-B21768538786-4	E-B21768538786
E-B21771966688-4_E-B21771966688-4	E-B21771966688
E-B21772177545-4_E-B21772177545-4	E-B21772177545
E-B21773843810-4_E-B21773843810-4	E-B21773843810
E-B21777905673-4_E-B21777905673-4	E-B21777905673
E-B21778729697-4_E-B21778729697-4	E-B21778729697
E-B21779679728-4_E-B21779679728-4	E-B21779679728
E-B21781969131-4_E-B21781969131-4	E-B21781969131
E-B21784276925-4_E-B21784276925-4	E-B21784276925
E-B21788028359-4_E-B21788028359-4	E-B21788028359
E-B21790781559-4_E-B21790781559-4	E-B21790781559
E-B21791266764-4_E-B21791266764-4	E-B21791266764
E-B21792779337-4_E-B21792779337-4	E-B21792779337
E-B21795263352-4_E-B21795263352-4	E-B21795263352
E-B21797419110-4_E-B21797419110-4	E-B21797419110
E-B21798031644-4_E-B21798031644-4	E-B21798031644
E-B21798638519-4_E-B21798638519-4	E-B21798638519
E-B21802454315-4_E-B21802454315-4	E-B21802454315
E-B21803652303-4_E-B21803652303-4	E-B21803652303
E-B21804418845-4_E-B21804418845-4	E-B21804418845
E-B21805607868-4_E-B21805607868-4	E-B21805607868
E-B21806212813-4_E-B21806212813-4	E-B21806212813
E-B21806592250-4_E-B21806592250-4	E-B21806592250
E-B21807672440-4_E-B21807672440-4	E-B21807672440
E-B21807938200-4_E-B21807938200-4	E-B21807938200
E-B21812497385-4_E-B21812497385-4	E-B21812497385
E-B21812984799-4_E-B21812984799-4	E-B21812984799
E-B21818122426-4_E-B21818122426-4	E-B21818122426
E-B21819562248-4_E-B21819562248-4	E-B21819562248
E-B21823161688-4_E-B21823161688-4	E-B21823161688
E-B21827166460-4_E-B21827166460-4	E-B21827166460
E-B21829504196-4_E-B21829504196-4	E-B21829504196
E-B21829838543-4_E-B21829838543-4	E-B21829838543
E-B21830607992-4_E-B21830607992-4	E-B21830607992
E-B21831741083-4_E-B21831741083-4	E-B21831741083
E-B21831849805-4_E-B21831849805-4	E-B21831849805
E-B21831996905-4_E-B21831996905-4	E-B21831996905
E-B21837278721-4_E-B21837278721-4	E-B21837278721
E-B21839798509-4_E-B21839798509-4	E-B21839798509
E-B21841395211-4_E-B21841395211-4	E-B21841395211
E-B21846437559-4_E-B21846437559-4	E-B21846437559
E-B21849248523-4_E-B21849248523-4	E-B21849248523
E-B21849280400-4_E-B21849280400-4	E-B21849280400
E-B21850575171-4_E-B21850575171-4	E-B21850575171
E-B21851042664-4_E-B21851042664-4	E-B21851042664
E-B21853192468-4_E-B21853192468-4	E-B21853192468
E-B21853979833-4_E-B21853979833-4	E-B21853979833
E-B21858585705-4_E-B21858585705-4	E-B21858585705
E-B21860921238-4_E-B21860921238-4	E-B21860921238
E-B21860943247-4_E-B21860943247-4	E-B21860943247
E-B21861339810-4_E-B21861339810-4	E-B21861339810
E-B21862631953-4_E-B21862631953-4	E-B21862631953
E-B21863028700-4_E-B21863028700-4	E-B21863028700
E-B21865708311-4_E-B21865708311-4	E-B21865708311
E-B21865813385-4_E-B21865813385-4	E-B21865813385
E-B21868848560-4_E-B21868848560-4	E-B21868848560
E-B21870742134-4_E-B21870742134-4	E-B21870742134
E-B21872622430-4_E-B21872622430-4	E-B21872622430
E-B21875367798-4_E-B21875367798-4	E-B21875367798
E-B21876577170-4_E-B21876577170-4	E-B21876577170
E-B21888001518-4_E-B21888001518-4	E-B21888001518
E-B21888084628-4_E-B21888084628-4	E-B21888084628
E-B21888278456-4_E-B21888278456-4	E-B21888278456
E-B21889324069-4_E-B21889324069-4	E-B21889324069
E-B21897306977-4_E-B21897306977-4	E-B21897306977
E-B21900301654-4_E-B21900301654-4	E-B21900301654
E-B21904704512-4_E-B21904704512-4	E-B21904704512
E-B21905045082-4_E-B21905045082-4	E-B21905045082
E-B21907093240-4_E-B21907093240-4	E-B21907093240
E-B21909728878-4_E-B21909728878-4	E-B21909728878
E-B21911371112-4_E-B21911371112-4	E-B21911371112
E-B21911677596-4_E-B21911677596-4	E-B21911677596
E-B21911932356-4_E-B21911932356-4	E-B21911932356
E-B21915738579-4_E-B21915738579-4	E-B21915738579
E-B21918563718-4_E-B21918563718-4	E-B21918563718
E-B21919279581-4_E-B21919279581-4	E-B21919279581
E-B21919290763-4_E-B21919290763-4	E-B21919290763
E-B21919323855-4_E-B21919323855-4	E-B21919323855
E-B21920994345-4_E-B21920994345-4	E-B21920994345
E-B21925703910-4_E-B21925703910-4	E-B21925703910
E-B21926811615-4_E-B21926811615-4	E-B21926811615
E-B21927764647-4_E-B21927764647-4	E-B21927764647
E-B21930410661-4_E-B21930410661-4	E-B21930410661
E-B21933391065-4_E-B21933391065-4	E-B21933391065
E-B21938121161-4_E-B21938121161-4	E-B21938121161
E-B21938620207-4_E-B21938620207-4	E-B21938620207
E-B21943946144-4_E-B21943946144-4	E-B21943946144
E-B21946159265-4_E-B21946159265-4	E-B21946159265
E-B21947099360-4_E-B21947099360-4	E-B21947099360
E-B21947752078-4_E-B21947752078-4	E-B21947752078
E-B21947952445-4_E-B21947952445-4	E-B21947952445
E-B21948759165-4_E-B21948759165-4	E-B21948759165
E-B21949041549-4_E-B21949041549-4	E-B21949041549
E-B21949919782-4_E-B21949919782-4	E-B21949919782
E-B21951228975-4_E-B21951228975-4	E-B21951228975
E-B21951946398-4_E-B21951946398-4	E-B21951946398
E-B21954745404-4_E-B21954745404-4	E-B21954745404
E-B21955109293-4_E-B21955109293-4	E-B21955109293
E-B21955692773-4_E-B21955692773-4	E-B21955692773
E-B21998005446-4_E-B21998005446-4	E-B21998005446
